user_id,conversion_time,revenue
U000035,2025-07-11 04:27:00,30.15
U000040,2025-08-23 12:50:00,76.76
U000063,2025-10-14 11:27:00,35.87
U000064,2025-07-28 04:54:00,89.15
U000087,2025-08-21 09:29:00,118.65
U000089,2025-07-24 14:03:00,61.96
U000154,2025-07-30 14:11:00,58.0
U000160,2025-09-14 00:05:00,69.91
U000167,2025-08-11 05:36:00,64.5
U000181,2025-09-24 06:32:00,28.33
U000208,2025-08-19 01:09:00,41.7
U000214,2025-09-11 07:25:00,153.92
U000238,2025-08-12 05:35:00,125.97
U000313,2025-08-21 04:51:00,57.23
U000344,2025-08-03 13:58:00,67.89
U000348,2025-07-19 05:04:00,178.98
U000358,2025-08-01 01:42:00,101.53
U000382,2025-08-15 07:25:00,63.91
U000417,2025-08-04 06:13:00,101.49
U000418,2025-08-21 06:16:00,72.84
U000437,2025-09-18 09:11:00,74.14
U000442,2025-07-12 17:20:00,91.63
U000447,2025-09-07 11:12:00,34.08
U000473,2025-08-30 04:52:00,50.35
U000479,2025-07-28 22:10:00,39.65
U000488,2025-09-22 21:49:00,57.64
U000554,2025-08-08 14:48:00,27.45
U000557,2025-07-19 19:16:00,95.06
U000559,2025-07-27 06:21:00,28.5
U000571,2025-07-20 13:17:00,130.19
U000644,2025-07-15 02:38:00,58.75
U000646,2025-08-14 14:21:00,41.26
U000692,2025-07-15 08:47:00,68.59
U000695,2025-08-04 12:16:00,74.46
U000797,2025-09-01 09:18:00,100.41
U000806,2025-09-23 02:48:00,83.58
U000809,2025-07-28 07:21:00,108.31
U000827,2025-09-05 19:49:00,56.11
U000853,2025-07-24 17:37:00,52.12
U000928,2025-08-18 09:45:00,69.6
U000940,2025-08-04 13:22:00,107.53
U000967,2025-09-07 13:27:00,61.57
U000968,2025-08-19 03:03:00,70.82
U001002,2025-07-07 14:46:00,75.06
U001014,2025-08-19 04:14:00,56.21
U001021,2025-07-26 21:13:00,60.67
U001022,2025-08-05 22:36:00,78.92
U001060,2025-07-07 05:06:00,50.36
U001061,2025-07-15 09:14:00,111.1
U001080,2025-08-08 20:12:00,47.33
U001086,2025-09-06 17:44:00,15.94
U001091,2025-07-19 05:29:00,67.79
U001141,2025-09-13 23:17:00,31.93
U001170,2025-09-19 14:03:00,117.28
U001187,2025-07-30 10:48:00,51.4
U001220,2025-08-10 21:07:00,44.29
U001221,2025-07-04 13:38:00,33.52
U001230,2025-08-07 03:10:00,51.31
U001302,2025-09-12 11:45:00,119.75
U001307,2025-09-15 18:13:00,48.74
U001312,2025-07-18 23:19:00,34.55
U001317,2025-08-25 08:18:00,75.59
U001406,2025-08-17 14:06:00,48.4
U001439,2025-07-04 20:28:00,40.82
U001442,2025-07-17 01:58:00,117.12
U001447,2025-07-14 05:37:00,61.71
U001450,2025-07-18 22:29:00,74.36
U001466,2025-08-23 03:17:00,74.45
U001475,2025-08-26 14:22:00,39.72
U001488,2025-08-21 13:22:00,47.76
U001530,2025-09-08 01:53:00,67.22
U001534,2025-07-15 17:14:00,85.42
U001578,2025-08-14 05:15:00,43.59
U001597,2025-07-29 15:50:00,61.71
U001603,2025-08-11 08:56:00,75.7
U001635,2025-08-31 07:13:00,36.98
U001673,2025-08-20 09:15:00,60.81
U001731,2025-08-07 08:21:00,111.42
U001750,2025-07-12 04:50:00,45.24
U001804,2025-07-06 22:46:00,32.8
U001811,2025-07-26 08:40:00,88.4
U001820,2025-08-23 17:26:00,42.07
U001905,2025-08-10 09:06:00,51.11
U001934,2025-08-28 06:44:00,110.28
U001958,2025-09-19 17:09:00,93.96
U001976,2025-07-19 00:07:00,46.81
U001986,2025-08-27 18:02:00,69.1
U001994,2025-08-02 06:32:00,57.6
U002000,2025-07-25 13:56:00,44.73
U002018,2025-08-19 16:04:00,115.66
U002034,2025-08-02 15:32:00,40.53
U002039,2025-07-28 05:05:00,219.7
U002047,2025-09-17 07:48:00,133.62
U002117,2025-07-08 02:00:00,132.71
U002118,2025-08-28 16:07:00,56.4
U002162,2025-08-04 22:14:00,61.05
U002218,2025-07-06 07:19:00,70.3
U002225,2025-07-25 21:40:00,42.97
U002266,2025-08-13 08:23:00,63.92
U002318,2025-09-17 19:15:00,79.56
U002320,2025-08-27 15:28:00,40.27
U002336,2025-09-09 09:25:00,50.87
U002368,2025-08-21 22:00:00,34.54
U002378,2025-08-04 12:15:00,58.34
U002387,2025-09-28 11:19:00,30.14
U002409,2025-09-13 19:24:00,56.32
U002420,2025-07-16 04:45:00,45.39
U002425,2025-09-08 10:41:00,51.86
U002426,2025-08-18 19:31:00,99.47
U002435,2025-08-08 22:06:00,61.36
U002515,2025-08-28 00:11:00,104.03
U002536,2025-08-06 04:51:00,97.95
U002593,2025-08-01 09:28:00,103.59
U002611,2025-08-28 19:05:00,93.5
U002627,2025-07-05 10:22:00,59.27
U002634,2025-07-23 08:29:00,61.15
U002654,2025-09-30 10:31:00,45.58
U002661,2025-09-16 18:24:00,61.87
U002743,2025-09-07 23:15:00,57.46
U002752,2025-07-08 06:56:00,46.84
U002779,2025-09-01 09:52:00,63.96
U002822,2025-09-14 01:43:00,113.93
U002826,2025-08-19 12:31:00,81.99
U002833,2025-07-10 19:16:00,31.82
U002884,2025-09-21 11:54:00,96.25
U002934,2025-09-30 13:46:00,34.77
U002975,2025-09-05 17:05:00,57.86
U003011,2025-08-01 21:31:00,32.5
U003068,2025-08-05 12:46:00,40.21
U003090,2025-07-17 00:32:00,33.73
U003133,2025-09-07 16:47:00,21.96
U003139,2025-07-24 09:53:00,54.98
U003145,2025-09-13 08:46:00,58.67
U003175,2025-07-30 23:47:00,82.5
U003183,2025-07-05 05:13:00,52.94
U003189,2025-08-31 01:35:00,71.19
U003199,2025-07-24 23:08:00,23.13
U003205,2025-09-22 19:11:00,35.48
U003210,2025-08-20 15:31:00,106.74
U003219,2025-08-03 00:44:00,65.31
U003268,2025-08-30 00:33:00,62.13
U003276,2025-09-05 09:43:00,50.04
U003292,2025-07-18 16:07:00,87.11
U003385,2025-07-11 21:06:00,90.78
U003419,2025-07-23 08:30:00,85.12
U003424,2025-09-06 23:58:00,97.2
U003435,2025-09-04 01:51:00,39.47
U003482,2025-07-28 20:59:00,99.57
U003487,2025-09-12 18:44:00,81.72
U003498,2025-07-20 12:37:00,90.87
U003518,2025-09-01 17:01:00,61.83
U003563,2025-07-14 17:47:00,28.96
U003567,2025-09-05 22:16:00,171.57
U003608,2025-08-31 14:11:00,73.61
U003609,2025-07-26 01:24:00,75.3
U003629,2025-07-17 18:22:00,69.32
U003652,2025-07-10 17:57:00,126.39
U003691,2025-07-24 23:00:00,53.58
U003703,2025-09-16 14:15:00,37.42
U003708,2025-08-31 19:47:00,48.65
U003734,2025-08-15 14:35:00,143.77
U003742,2025-08-19 13:12:00,39.45
U003772,2025-07-15 19:00:00,96.46
U003832,2025-07-17 15:16:00,90.45
U003872,2025-09-23 17:07:00,30.17
U003875,2025-07-15 09:21:00,65.99
U003939,2025-08-02 17:14:00,56.28
U003940,2025-08-04 07:17:00,96.6
U003954,2025-08-15 10:32:00,58.87
U003956,2025-08-03 09:35:00,44.08
U003965,2025-08-31 16:41:00,48.34
U003974,2025-08-12 20:59:00,37.91
U004043,2025-07-18 22:01:00,91.24
U004069,2025-08-11 10:39:00,42.15
U004075,2025-09-03 11:31:00,47.63
U004140,2025-09-08 01:35:00,21.12
U004157,2025-08-29 18:53:00,85.33
U004170,2025-08-27 08:49:00,23.32
U004181,2025-08-07 23:49:00,59.11
U004196,2025-07-23 00:09:00,50.77
U004234,2025-08-23 10:32:00,70.74
U004285,2025-07-23 20:09:00,19.17
U004358,2025-08-19 11:58:00,36.7
U004373,2025-09-14 13:46:00,64.98
U004380,2025-07-22 20:20:00,66.54
U004422,2025-08-23 10:32:00,47.96
U004425,2025-08-24 07:02:00,27.72
U004429,2025-07-07 18:53:00,28.35
U004437,2025-07-18 08:11:00,210.33
U004461,2025-08-05 09:59:00,56.83
U004462,2025-08-31 23:18:00,69.67
U004473,2025-08-10 06:29:00,48.57
U004483,2025-07-29 19:59:00,55.39
U004486,2025-08-27 23:29:00,46.43
U004514,2025-07-03 12:26:00,64.86
U004543,2025-09-26 01:17:00,101.44
U004544,2025-08-04 03:03:00,121.87
U004555,2025-08-26 21:34:00,49.9
U004568,2025-07-08 12:09:00,48.09
U004570,2025-08-05 23:16:00,45.42
U004572,2025-09-15 05:11:00,34.98
U004576,2025-07-09 20:57:00,54.12
U004581,2025-07-30 13:47:00,66.2
U004597,2025-07-31 19:53:00,40.38
U004602,2025-07-24 20:13:00,19.4
U004624,2025-08-19 13:09:00,63.98
U004734,2025-08-03 07:57:00,102.2
U004750,2025-09-03 20:04:00,38.43
U004759,2025-09-15 18:16:00,34.79
U004760,2025-09-13 09:59:00,85.87
U004770,2025-07-20 08:00:00,19.04
U004780,2025-08-14 06:24:00,88.66
U004792,2025-09-15 10:04:00,39.28
U004865,2025-07-30 15:32:00,111.27
U004877,2025-07-06 09:27:00,65.32
U004958,2025-07-02 19:37:00,48.63
U004985,2025-07-14 20:37:00,40.94
U004991,2025-08-04 04:21:00,51.1
U004998,2025-08-20 01:19:00,51.04
U005050,2025-07-24 00:34:00,57.81
U005066,2025-07-12 11:54:00,40.83
U005085,2025-08-16 01:21:00,74.63
U005087,2025-09-21 13:44:00,81.89
U005090,2025-10-20 11:46:00,39.89
U005135,2025-08-26 08:56:00,66.35
U005163,2025-07-27 16:25:00,46.39
U005191,2025-08-22 18:04:00,49.96
U005204,2025-08-27 14:46:00,76.5
U005212,2025-09-20 19:45:00,34.03
U005243,2025-08-18 20:23:00,91.8
U005262,2025-09-07 06:07:00,88.61
U005284,2025-08-02 15:06:00,59.78
U005318,2025-07-12 04:26:00,67.05
U005362,2025-09-14 04:13:00,44.73
U005390,2025-07-29 20:55:00,75.99
U005425,2025-07-26 11:06:00,75.35
U005441,2025-07-16 19:00:00,92.67
U005474,2025-08-03 01:54:00,71.64
U005524,2025-07-25 15:02:00,74.0
U005543,2025-07-14 09:21:00,52.87
U005552,2025-07-26 09:45:00,43.79
U005584,2025-09-14 06:29:00,81.24
U005588,2025-08-27 07:37:00,89.47
U005645,2025-07-29 20:57:00,206.73
U005656,2025-08-12 17:14:00,41.15
U005717,2025-07-19 00:56:00,31.87
U005765,2025-07-08 17:57:00,54.82
U005770,2025-07-28 10:10:00,65.59
U005797,2025-07-24 16:59:00,44.5
U005811,2025-09-08 22:15:00,63.59
U005843,2025-07-23 09:25:00,41.77
U005863,2025-09-13 22:54:00,54.37
U005882,2025-09-16 04:44:00,48.7
U005889,2025-08-12 13:14:00,39.93
U005892,2025-09-02 03:20:00,37.3
U005906,2025-08-04 10:15:00,53.29
U005924,2025-08-02 15:42:00,59.91
U005953,2025-08-15 06:54:00,32.21
U005955,2025-09-30 12:57:00,97.72
U005965,2025-08-24 05:40:00,48.91
U005969,2025-08-15 18:19:00,36.09
U005972,2025-09-09 02:15:00,51.68
U005987,2025-07-16 11:18:00,29.65
U005991,2025-07-29 10:08:00,64.89
U005992,2025-07-21 01:09:00,32.75
U005994,2025-09-04 03:27:00,84.2
U006013,2025-09-12 18:34:00,54.52
U006023,2025-08-05 22:48:00,52.18
U006033,2025-07-25 00:56:00,66.25
U006044,2025-09-03 06:05:00,50.56
U006047,2025-07-13 11:07:00,81.0
U006048,2025-07-21 20:11:00,78.1
U006057,2025-08-07 21:01:00,45.68
U006067,2025-09-16 18:12:00,51.83
U006072,2025-08-26 12:53:00,65.51
U006076,2025-09-10 21:58:00,228.73
U006092,2025-08-27 06:58:00,38.51
U006102,2025-07-22 12:07:00,93.77
U006140,2025-08-18 11:13:00,78.07
U006229,2025-07-21 05:25:00,39.86
U006249,2025-08-19 20:24:00,76.96
U006262,2025-07-14 05:24:00,102.73
U006263,2025-09-23 14:34:00,41.6
U006270,2025-08-28 16:27:00,48.12
U006283,2025-07-29 09:12:00,29.97
U006308,2025-08-15 14:21:00,116.23
U006322,2025-08-12 15:50:00,68.01
U006329,2025-09-03 12:11:00,46.69
U006347,2025-08-27 01:34:00,33.74
U006409,2025-07-09 19:39:00,117.06
U006430,2025-08-19 11:25:00,45.18
U006441,2025-08-23 23:08:00,42.47
U006449,2025-07-07 14:56:00,58.92
U006460,2025-09-16 20:34:00,50.16
U006468,2025-07-19 11:50:00,48.4
U006474,2025-07-15 16:35:00,74.14
U006516,2025-07-20 05:34:00,45.2
U006558,2025-08-03 05:31:00,63.51
U006656,2025-09-11 06:21:00,73.25
U006661,2025-08-07 05:48:00,64.95
U006695,2025-09-08 19:36:00,37.95
U006702,2025-09-14 00:40:00,60.53
U006713,2025-08-22 06:53:00,51.44
U006714,2025-08-10 18:36:00,41.06
U006730,2025-07-13 11:11:00,28.86
U006766,2025-09-10 12:43:00,64.67
U006789,2025-07-27 15:14:00,35.39
U006792,2025-08-05 03:36:00,56.7
U006810,2025-07-28 10:09:00,106.38
U006811,2025-07-17 14:51:00,44.71
U006829,2025-09-24 08:12:00,96.74
U006838,2025-08-08 10:23:00,105.18
U006851,2025-09-21 13:41:00,54.14
U006865,2025-09-05 00:42:00,73.1
U006879,2025-07-31 21:36:00,83.56
U006891,2025-08-13 21:52:00,80.33
U006945,2025-07-18 04:36:00,64.52
U006959,2025-09-19 04:47:00,68.97
U006983,2025-09-22 18:47:00,89.47
U007010,2025-08-05 00:26:00,39.76
U007031,2025-08-11 12:02:00,98.06
U007036,2025-09-17 03:18:00,81.09
U007049,2025-09-16 15:39:00,88.22
U007074,2025-08-01 19:59:00,56.43
U007097,2025-09-21 20:56:00,61.29
U007137,2025-08-26 13:21:00,45.3
U007152,2025-09-05 08:48:00,76.54
U007169,2025-07-08 12:54:00,56.1
U007170,2025-08-09 22:16:00,126.58
U007178,2025-07-13 15:27:00,63.67
U007197,2025-07-09 05:29:00,53.8
U007211,2025-09-19 17:33:00,67.4
U007215,2025-09-05 11:37:00,72.39
U007237,2025-09-13 04:43:00,49.11
U007250,2025-08-09 14:35:00,42.93
U007283,2025-07-11 03:06:00,21.44
U007294,2025-09-06 15:18:00,15.9
U007308,2025-09-17 10:02:00,55.14
U007320,2025-07-17 18:55:00,51.31
U007331,2025-08-31 13:07:00,50.5
U007390,2025-08-10 10:03:00,63.86
U007394,2025-08-03 12:31:00,143.51
U007423,2025-08-26 08:50:00,140.05
U007432,2025-07-31 07:16:00,43.77
U007463,2025-07-19 19:01:00,37.46
U007484,2025-10-09 21:53:00,85.15
U007566,2025-09-08 21:06:00,75.93
U007568,2025-07-28 17:59:00,90.62
U007571,2025-07-12 21:52:00,125.37
U007603,2025-08-25 14:41:00,73.19
U007607,2025-07-10 09:21:00,64.14
U007620,2025-08-16 14:37:00,55.01
U007626,2025-08-17 09:50:00,91.22
U007656,2025-08-19 08:57:00,30.19
U007664,2025-08-18 06:46:00,81.98
U007673,2025-08-08 02:16:00,38.57
U007675,2025-08-04 19:54:00,30.75
U007695,2025-08-20 04:26:00,53.46
U007698,2025-08-17 13:55:00,59.39
U007717,2025-07-20 21:43:00,49.9
U007718,2025-08-17 03:04:00,62.41
U007732,2025-07-11 01:19:00,31.48
U007738,2025-07-28 04:39:00,47.97
U007754,2025-08-04 03:56:00,33.46
U007792,2025-07-11 16:13:00,28.83
U007793,2025-07-10 15:43:00,80.54
U007836,2025-08-21 11:02:00,50.11
U007963,2025-07-26 05:09:00,32.62
U008042,2025-07-16 17:33:00,45.37
U008151,2025-08-25 00:01:00,44.23
U008162,2025-09-06 12:55:00,66.1
U008179,2025-08-18 12:11:00,34.73
U008202,2025-08-24 07:30:00,40.0
U008213,2025-08-18 19:17:00,168.92
U008219,2025-07-21 00:42:00,74.18
U008223,2025-08-12 19:24:00,13.37
U008235,2025-07-22 01:26:00,53.86
U008242,2025-08-14 06:59:00,93.38
U008269,2025-07-12 22:09:00,38.75
U008321,2025-07-20 02:25:00,46.46
U008344,2025-07-19 14:09:00,38.8
U008361,2025-07-21 00:10:00,82.35
U008390,2025-08-30 14:32:00,74.35
U008395,2025-07-23 19:49:00,78.75
U008404,2025-09-05 20:23:00,44.7
U008432,2025-08-27 02:24:00,124.66
U008433,2025-09-26 12:09:00,72.78
U008497,2025-07-25 17:02:00,215.18
U008571,2025-07-27 20:43:00,37.06
U008591,2025-08-01 07:28:00,89.97
U008598,2025-09-02 11:36:00,95.26
U008619,2025-07-19 20:26:00,113.81
U008622,2025-07-09 23:38:00,84.19
U008639,2025-08-10 11:42:00,62.44
U008672,2025-09-06 11:47:00,113.72
U008683,2025-07-03 10:43:00,80.11
U008695,2025-09-18 05:29:00,31.35
U008704,2025-07-06 20:32:00,48.5
U008713,2025-07-29 18:57:00,42.62
U008717,2025-07-19 03:03:00,27.6
U008738,2025-08-07 15:21:00,29.4
U008755,2025-08-31 07:10:00,57.39
U008786,2025-08-06 21:39:00,88.06
U008794,2025-08-17 17:38:00,108.94
U008817,2025-08-22 14:30:00,69.27
U008833,2025-08-19 08:11:00,41.38
U008848,2025-08-19 23:07:00,87.0
U008861,2025-08-17 00:25:00,66.11
U008896,2025-08-16 17:40:00,40.92
U008934,2025-08-23 15:41:00,46.95
U008935,2025-07-30 03:26:00,71.71
U009005,2025-08-04 17:55:00,79.89
U009053,2025-08-16 14:58:00,55.51
U009067,2025-07-30 22:34:00,75.36
U009144,2025-07-28 07:34:00,34.98
U009177,2025-07-22 19:20:00,32.46
U009190,2025-09-09 22:23:00,89.42
U009200,2025-07-28 03:28:00,33.11
U009206,2025-07-17 23:36:00,40.75
U009219,2025-07-03 17:33:00,78.49
U009245,2025-08-24 21:18:00,31.1
U009286,2025-09-11 09:20:00,42.06
U009301,2025-09-10 16:01:00,36.7
U009344,2025-08-13 00:51:00,35.88
U009347,2025-07-21 04:57:00,40.29
U009402,2025-08-11 21:19:00,67.01
U009449,2025-07-03 06:19:00,101.1
U009486,2025-08-08 18:57:00,59.79
U009494,2025-08-07 06:23:00,25.9
U009507,2025-09-13 10:37:00,58.94
U009523,2025-09-13 14:17:00,72.27
U009525,2025-08-03 05:27:00,39.88
U009582,2025-07-26 09:18:00,65.61
U009586,2025-09-26 18:13:00,101.24
U009601,2025-08-20 15:42:00,63.47
U009603,2025-08-15 10:30:00,48.31
U009609,2025-08-25 03:30:00,44.92
U009659,2025-07-15 02:58:00,56.65
U009690,2025-07-05 19:23:00,68.4
U009698,2025-08-22 07:57:00,60.69
U009709,2025-08-14 01:41:00,28.19
U009756,2025-07-25 15:26:00,29.96
U009767,2025-07-04 09:09:00,46.97
U009768,2025-08-15 17:36:00,141.38
U009774,2025-09-04 07:01:00,46.29
U009781,2025-09-16 14:07:00,63.74
U009784,2025-08-15 23:10:00,78.67
U009822,2025-07-04 14:43:00,127.37
U009823,2025-09-04 17:04:00,68.47
U009842,2025-08-13 19:11:00,41.72
U009859,2025-09-19 06:19:00,36.03
U009861,2025-08-07 00:49:00,46.96
U009865,2025-08-29 09:59:00,52.49
U009967,2025-08-18 08:20:00,49.33
U009986,2025-10-13 03:55:00,143.7
U010005,2025-08-16 23:48:00,37.8
U010036,2025-08-30 23:56:00,136.31
U010072,2025-07-27 11:31:00,76.75
U010076,2025-07-10 18:35:00,51.99
U010078,2025-09-23 01:35:00,51.86
U010094,2025-07-25 10:10:00,46.96
U010208,2025-08-06 03:35:00,88.77
U010270,2025-09-15 10:28:00,75.78
U010279,2025-09-12 22:57:00,83.04
U010296,2025-07-20 16:47:00,145.08
U010297,2025-08-23 19:56:00,25.04
U010307,2025-07-19 15:55:00,64.9
U010319,2025-09-22 07:11:00,207.11
U010356,2025-09-12 01:17:00,51.09
U010382,2025-07-12 09:44:00,41.86
U010383,2025-07-13 21:03:00,41.37
U010397,2025-08-01 13:02:00,69.74
U010398,2025-09-08 13:11:00,110.18
U010400,2025-07-12 01:57:00,70.04
U010407,2025-07-30 10:55:00,50.81
U010410,2025-09-09 10:16:00,31.02
U010413,2025-07-17 07:06:00,81.11
U010429,2025-09-06 00:35:00,43.09
U010450,2025-09-13 07:34:00,41.35
U010455,2025-07-27 01:46:00,136.64
U010459,2025-09-28 14:55:00,24.23
U010519,2025-08-29 04:24:00,65.82
U010529,2025-07-06 17:33:00,39.53
U010531,2025-09-04 20:34:00,44.46
U010563,2025-07-12 04:15:00,253.79
U010583,2025-09-19 09:34:00,60.74
U010584,2025-09-13 02:04:00,69.59
U010651,2025-09-13 19:23:00,63.17
U010659,2025-08-28 09:41:00,44.9
U010669,2025-08-04 18:37:00,90.96
U010674,2025-08-03 19:02:00,164.82
U010675,2025-09-11 04:50:00,59.82
U010702,2025-07-21 07:25:00,37.45
U010719,2025-09-08 04:21:00,46.74
U010797,2025-09-15 18:29:00,75.04
U010822,2025-07-17 20:43:00,47.31
U010881,2025-08-26 04:57:00,82.36
U010883,2025-08-13 20:35:00,30.92
U010913,2025-07-07 20:26:00,147.99
U010943,2025-09-01 04:13:00,189.6
U010954,2025-08-04 06:07:00,76.9
U011010,2025-09-14 19:56:00,41.21
U011026,2025-07-18 11:52:00,67.98
U011050,2025-08-19 11:02:00,41.58
U011061,2025-08-25 20:13:00,133.99
U011075,2025-09-15 05:15:00,32.83
U011090,2025-08-11 13:12:00,115.6
U011110,2025-08-18 00:04:00,52.47
U011129,2025-09-17 12:57:00,63.02
U011139,2025-08-03 17:52:00,73.57
U011141,2025-09-13 00:38:00,59.85
U011177,2025-07-15 06:54:00,59.29
U011207,2025-07-19 11:55:00,56.49
U011208,2025-08-09 14:04:00,82.47
U011219,2025-08-13 17:11:00,16.36
U011230,2025-07-08 07:37:00,70.27
U011235,2025-08-11 08:36:00,49.59
U011245,2025-08-20 15:12:00,30.87
U011284,2025-09-10 11:31:00,67.6
U011289,2025-08-08 12:09:00,89.48
U011295,2025-08-13 05:19:00,40.37
U011341,2025-07-31 12:51:00,28.2
U011357,2025-07-09 04:30:00,49.15
U011378,2025-08-03 12:38:00,43.92
U011416,2025-09-08 19:24:00,55.83
U011443,2025-07-08 15:17:00,51.27
U011444,2025-08-17 08:28:00,43.23
U011448,2025-09-21 02:39:00,152.52
U011451,2025-07-25 11:01:00,52.26
U011455,2025-09-13 02:56:00,49.96
U011457,2025-07-12 10:20:00,62.95
U011490,2025-08-03 12:58:00,79.71
U011491,2025-07-26 23:53:00,40.46
U011498,2025-08-31 03:29:00,46.29
U011560,2025-08-27 15:52:00,50.73
U011572,2025-09-06 06:45:00,52.22
U011582,2025-09-15 13:59:00,119.4
U011613,2025-08-29 20:55:00,89.01
U011648,2025-08-02 02:56:00,116.16
U011674,2025-08-24 10:46:00,86.42
U011748,2025-08-21 10:33:00,191.74
U011749,2025-07-13 08:43:00,29.72
U011760,2025-08-19 14:06:00,35.71
U011790,2025-09-17 02:07:00,108.47
U011806,2025-08-12 06:58:00,64.37
U011810,2025-07-08 19:27:00,45.05
U011831,2025-07-09 23:16:00,69.44
U011865,2025-08-26 13:26:00,48.38
U011880,2025-08-05 09:12:00,57.68
U011923,2025-07-15 17:34:00,35.48
U011974,2025-08-28 02:53:00,45.93
U012016,2025-07-24 02:57:00,46.92
U012064,2025-08-14 02:13:00,116.12
U012079,2025-07-13 11:38:00,25.77
U012086,2025-07-08 23:21:00,54.31
U012106,2025-08-01 20:48:00,92.19
U012111,2025-09-19 19:19:00,172.44
U012194,2025-07-09 17:38:00,67.81
U012227,2025-08-08 14:30:00,45.15
U012282,2025-08-26 17:09:00,54.03
U012331,2025-08-25 21:28:00,77.05
U012361,2025-08-21 22:11:00,60.45
U012364,2025-09-04 03:19:00,63.33
U012376,2025-09-12 17:54:00,106.32
U012426,2025-07-21 10:48:00,52.97
U012450,2025-09-16 22:15:00,246.25
U012472,2025-09-16 02:03:00,130.05
U012477,2025-08-24 18:48:00,99.73
U012479,2025-08-19 17:10:00,189.02
U012497,2025-07-03 03:32:00,33.16
U012500,2025-09-10 08:18:00,115.12
U012535,2025-08-15 11:26:00,37.18
U012588,2025-08-29 07:34:00,76.48
U012626,2025-07-19 01:03:00,70.72
U012628,2025-07-11 10:39:00,36.83
U012647,2025-09-05 23:56:00,69.14
U012651,2025-08-30 20:57:00,57.55
U012676,2025-07-15 23:25:00,37.82
U012677,2025-09-02 17:24:00,41.56
U012799,2025-07-06 05:57:00,60.41
U012802,2025-07-21 14:11:00,60.88
U012859,2025-07-24 15:47:00,121.8
U012864,2025-09-09 16:58:00,74.54
U012873,2025-09-26 14:07:00,66.61
U012901,2025-08-02 22:24:00,152.31
U012909,2025-08-08 20:14:00,68.54
U012925,2025-08-29 03:26:00,51.48
U012928,2025-08-08 09:53:00,137.23
U012947,2025-08-26 22:46:00,170.76
U012975,2025-07-20 01:09:00,49.38
U012988,2025-08-31 00:32:00,60.84
U013002,2025-08-31 13:00:00,34.18
U013015,2025-08-26 17:02:00,114.8
U013021,2025-08-04 15:15:00,40.88
U013051,2025-09-05 17:11:00,64.24
U013081,2025-09-07 01:51:00,54.82
U013082,2025-07-16 15:57:00,80.97
U013096,2025-07-12 13:51:00,51.46
U013111,2025-08-14 15:33:00,46.14
U013127,2025-08-26 00:29:00,36.33
U013149,2025-07-09 21:25:00,66.05
U013165,2025-08-24 09:47:00,28.6
U013172,2025-07-13 11:58:00,27.58
U013190,2025-07-25 03:41:00,53.11
U013193,2025-09-18 03:28:00,74.62
U013215,2025-09-02 16:30:00,83.61
U013226,2025-08-18 18:28:00,77.28
U013237,2025-08-04 08:01:00,66.51
U013280,2025-07-28 21:18:00,88.16
U013331,2025-08-05 22:25:00,68.85
U013364,2025-08-03 21:39:00,58.37
U013387,2025-07-12 10:59:00,47.81
U013393,2025-09-08 06:57:00,53.1
U013394,2025-07-14 15:47:00,134.52
U013438,2025-07-19 06:31:00,125.72
U013532,2025-07-10 18:13:00,32.24
U013570,2025-09-06 08:04:00,49.46
U013572,2025-08-24 12:34:00,108.89
U013583,2025-07-24 22:01:00,78.71
U013613,2025-09-06 09:54:00,46.87
U013665,2025-07-16 05:05:00,54.64
U013721,2025-07-26 04:31:00,85.26
U013740,2025-07-26 11:51:00,37.16
U013745,2025-07-22 09:58:00,99.54
U013757,2025-09-14 12:36:00,78.79
U013760,2025-07-13 12:07:00,63.28
U013787,2025-07-19 23:03:00,38.18
U013834,2025-08-31 06:05:00,127.54
U013853,2025-09-16 02:28:00,81.61
U013870,2025-08-20 15:36:00,31.81
U013882,2025-08-08 23:45:00,62.92
U013922,2025-09-05 20:48:00,58.37
U013932,2025-08-11 12:16:00,28.96
U013980,2025-09-12 19:43:00,67.14
U013984,2025-09-12 09:17:00,116.97
U013993,2025-07-10 02:05:00,61.97
U014002,2025-09-15 02:33:00,38.02
U014047,2025-09-11 14:08:00,159.94
U014058,2025-08-19 16:43:00,40.86
U014069,2025-07-20 10:10:00,44.07
U014111,2025-07-27 21:05:00,38.55
U014145,2025-07-27 12:01:00,110.11
U014151,2025-09-16 14:30:00,54.39
U014158,2025-09-04 23:07:00,82.53
U014162,2025-08-15 21:25:00,27.52
U014170,2025-09-09 23:47:00,86.14
U014191,2025-07-28 18:52:00,129.84
U014202,2025-08-09 14:13:00,86.69
U014217,2025-07-28 06:08:00,50.15
U014283,2025-07-16 01:59:00,97.81
U014371,2025-07-18 19:25:00,52.8
U014385,2025-07-10 22:16:00,40.01
U014390,2025-08-01 06:02:00,69.22
U014448,2025-09-17 08:08:00,48.92
U014461,2025-08-26 13:32:00,57.23
U014474,2025-08-17 04:27:00,47.13
U014494,2025-07-14 07:28:00,137.61
U014525,2025-09-10 02:21:00,365.13
U014582,2025-07-18 00:57:00,84.82
U014585,2025-07-23 04:14:00,39.62
U014619,2025-07-27 10:57:00,207.83
U014633,2025-07-09 22:31:00,61.92
U014691,2025-08-01 15:44:00,67.17
U014707,2025-07-25 18:56:00,97.69
U014731,2025-08-01 05:13:00,44.02
U014759,2025-07-31 15:57:00,113.13
U014765,2025-07-26 23:15:00,48.83
U014856,2025-08-24 08:46:00,132.3
U014911,2025-09-23 15:01:00,52.17
U014958,2025-07-24 15:06:00,54.41
U014960,2025-07-30 05:20:00,55.86
U014990,2025-09-11 10:05:00,63.43
U015034,2025-08-30 02:38:00,175.81
U015079,2025-07-18 05:35:00,100.03
U015098,2025-08-19 22:08:00,30.72
U015102,2025-08-29 22:17:00,61.74
U015104,2025-09-07 02:03:00,76.81
U015107,2025-08-12 12:26:00,44.14
U015137,2025-08-03 09:51:00,83.0
U015169,2025-08-04 13:19:00,40.14
U015173,2025-08-15 00:36:00,31.61
U015189,2025-08-07 20:05:00,38.32
U015197,2025-08-28 00:34:00,24.46
U015224,2025-07-13 09:25:00,51.67
U015244,2025-08-11 06:36:00,39.68
U015255,2025-09-05 08:16:00,94.41
U015364,2025-08-11 01:42:00,74.42
U015390,2025-08-23 15:20:00,54.96
U015394,2025-10-01 17:36:00,71.62
U015412,2025-07-08 02:44:00,42.34
U015432,2025-07-08 04:23:00,38.67
U015435,2025-07-29 06:42:00,49.78
U015447,2025-07-10 06:39:00,47.07
U015448,2025-09-07 02:35:00,56.38
U015450,2025-08-02 17:11:00,98.47
U015551,2025-08-07 17:58:00,38.78
U015572,2025-09-13 08:18:00,39.82
U015575,2025-08-19 03:39:00,86.86
U015609,2025-10-01 01:06:00,62.71
U015612,2025-08-08 16:34:00,98.29
U015624,2025-07-15 15:28:00,36.75
U015687,2025-07-26 16:38:00,60.6
U015707,2025-09-17 09:04:00,86.48
U015716,2025-07-16 00:52:00,47.26
U015719,2025-09-04 17:21:00,55.15
U015727,2025-07-17 16:53:00,106.65
U015746,2025-08-12 01:48:00,69.59
U015751,2025-10-05 11:33:00,84.96
U015759,2025-07-20 18:08:00,35.36
U015770,2025-07-07 13:18:00,91.88
U015776,2025-09-18 04:35:00,81.77
U015796,2025-08-12 22:59:00,52.32
U015829,2025-08-15 10:58:00,53.1
U015830,2025-07-24 15:00:00,123.51
U015858,2025-07-05 15:54:00,78.15
U015892,2025-07-27 16:56:00,75.7
U015914,2025-09-02 19:57:00,107.18
U015951,2025-08-23 17:21:00,65.54
U015960,2025-07-27 02:11:00,65.43
U015975,2025-08-08 16:35:00,35.01
U015979,2025-09-17 23:02:00,33.08
U016008,2025-08-30 06:26:00,64.01
U016012,2025-08-22 08:17:00,40.23
U016021,2025-08-02 11:48:00,56.58
U016046,2025-09-16 01:47:00,61.65
U016070,2025-07-23 15:28:00,55.22
U016071,2025-09-06 23:33:00,105.01
U016074,2025-08-10 12:13:00,49.12
U016078,2025-07-27 09:49:00,57.37
U016107,2025-08-17 17:26:00,58.96
U016109,2025-08-14 06:56:00,91.58
U016126,2025-09-10 08:38:00,47.97
U016149,2025-07-10 22:21:00,121.16
U016184,2025-08-22 04:35:00,60.52
U016195,2025-08-22 07:47:00,136.47
U016197,2025-07-24 04:51:00,77.58
U016200,2025-09-11 08:54:00,72.99
U016230,2025-08-26 18:37:00,39.92
U016234,2025-09-26 19:17:00,38.28
U016270,2025-08-22 23:20:00,74.08
U016294,2025-09-10 14:52:00,111.61
U016301,2025-08-24 01:59:00,86.7
U016319,2025-09-07 10:17:00,74.95
U016340,2025-09-12 23:16:00,41.65
U016361,2025-07-09 23:04:00,67.51
U016395,2025-08-03 13:04:00,28.17
U016403,2025-08-01 11:50:00,59.83
U016428,2025-07-04 06:43:00,39.59
U016496,2025-08-17 10:29:00,172.44
U016525,2025-09-16 09:18:00,57.52
U016551,2025-08-17 18:46:00,82.64
U016552,2025-07-14 04:04:00,85.3
U016579,2025-09-19 13:43:00,67.71
U016590,2025-08-12 23:48:00,44.9
U016605,2025-10-03 07:09:00,83.97
U016618,2025-09-04 06:33:00,59.6
U016671,2025-07-23 03:05:00,121.95
U016686,2025-08-01 02:06:00,142.62
U016691,2025-09-08 14:32:00,39.03
U016698,2025-07-25 15:17:00,42.34
U016701,2025-09-30 00:37:00,26.07
U016707,2025-08-29 11:02:00,72.88
U016721,2025-08-19 00:07:00,81.18
U016770,2025-08-14 14:39:00,87.93
U016797,2025-08-01 19:42:00,38.66
U016845,2025-08-10 05:02:00,109.01
U016874,2025-08-04 02:20:00,67.75
U016883,2025-07-23 00:40:00,44.63
U016907,2025-09-10 02:16:00,44.04
U016910,2025-09-17 20:13:00,53.23
U016923,2025-08-04 10:17:00,48.71
U016957,2025-08-02 23:23:00,55.24
U016973,2025-08-17 14:36:00,20.81
U016988,2025-09-14 07:57:00,88.16
U016994,2025-07-20 09:05:00,72.02
U016998,2025-09-18 05:03:00,50.27
U017033,2025-09-08 22:37:00,86.83
U017063,2025-08-19 08:41:00,113.3
U017070,2025-09-06 22:34:00,74.2
U017073,2025-09-09 14:37:00,80.81
U017078,2025-09-06 17:10:00,71.75
U017111,2025-08-14 04:50:00,44.26
U017112,2025-08-03 14:28:00,48.1
U017113,2025-08-08 21:42:00,69.28
U017114,2025-07-31 22:24:00,41.98
U017142,2025-08-26 02:56:00,56.35
U017176,2025-07-27 14:37:00,88.11
U017213,2025-09-19 11:04:00,44.56
U017266,2025-07-21 11:11:00,101.76
U017280,2025-08-20 08:10:00,171.69
U017296,2025-08-16 23:35:00,58.06
U017320,2025-07-12 04:20:00,48.13
U017357,2025-08-31 11:01:00,132.23
U017372,2025-08-15 22:52:00,37.21
U017410,2025-08-28 16:18:00,106.48
U017452,2025-07-24 19:34:00,56.04
U017505,2025-09-18 11:28:00,43.1
U017506,2025-09-07 04:30:00,26.92
U017521,2025-09-16 02:05:00,83.66
U017550,2025-08-15 13:03:00,44.3
U017557,2025-07-05 02:47:00,42.82
U017563,2025-09-21 16:45:00,59.05
U017580,2025-08-28 08:40:00,113.39
U017581,2025-07-12 19:40:00,147.01
U017621,2025-08-13 07:43:00,73.9
U017623,2025-09-06 06:34:00,106.42
U017636,2025-08-10 12:47:00,153.79
U017646,2025-07-28 19:40:00,115.56
U017663,2025-07-07 14:09:00,66.49
U017683,2025-08-23 03:07:00,50.23
U017709,2025-09-09 20:59:00,130.08
U017748,2025-07-16 11:13:00,60.32
U017770,2025-07-31 11:00:00,91.01
U017796,2025-08-28 13:20:00,38.82
U017823,2025-09-17 03:19:00,101.23
U017866,2025-07-10 22:17:00,55.12
U017868,2025-07-08 05:48:00,34.49
U017871,2025-09-02 17:51:00,59.42
U017898,2025-08-23 20:31:00,53.04
U017934,2025-08-06 11:25:00,56.97
U017956,2025-07-14 00:28:00,66.32
U017962,2025-07-22 01:50:00,40.47
U017994,2025-08-24 01:17:00,83.41
U017997,2025-07-12 18:55:00,36.08
U018014,2025-08-09 05:46:00,99.63
U018043,2025-08-10 03:46:00,47.82
U018044,2025-07-16 00:23:00,74.59
U018119,2025-07-28 17:28:00,38.95
U018179,2025-07-19 15:47:00,56.33
U018183,2025-09-26 09:41:00,78.24
U018219,2025-08-05 12:29:00,76.79
U018237,2025-08-08 18:58:00,112.74
U018241,2025-09-14 17:20:00,55.15
U018258,2025-07-09 14:21:00,30.22
U018292,2025-09-08 03:51:00,34.25
U018306,2025-07-14 20:23:00,78.63
U018307,2025-07-06 04:04:00,79.9
U018343,2025-07-09 14:32:00,35.91
U018384,2025-07-16 10:46:00,46.48
U018397,2025-07-27 06:45:00,73.69
U018441,2025-08-02 22:20:00,76.95
U018534,2025-07-22 04:31:00,33.86
U018540,2025-07-09 06:55:00,43.24
U018585,2025-07-18 18:24:00,46.54
U018600,2025-07-02 14:38:00,54.34
U018625,2025-10-05 03:30:00,47.23
U018633,2025-09-20 23:13:00,83.03
U018656,2025-09-08 02:03:00,29.84
U018673,2025-08-18 22:50:00,39.62
U018696,2025-08-16 17:23:00,96.77
U018701,2025-08-21 09:42:00,90.72
U018717,2025-09-14 17:18:00,65.07
U018719,2025-07-23 05:53:00,54.44
U018750,2025-08-04 07:52:00,90.51
U018789,2025-08-16 01:35:00,146.17
U018790,2025-07-25 01:54:00,66.34
U018905,2025-09-01 08:00:00,81.02
U018964,2025-07-09 13:56:00,88.42
U019004,2025-08-18 19:43:00,55.27
U019008,2025-09-17 19:01:00,62.38
U019013,2025-08-21 06:54:00,48.46
U019023,2025-08-01 15:36:00,59.4
U019028,2025-07-14 17:37:00,47.45
U019034,2025-08-28 17:30:00,45.98
U019037,2025-08-21 03:00:00,63.08
U019062,2025-07-21 12:43:00,110.73
U019093,2025-09-17 19:29:00,42.01
U019117,2025-08-10 13:38:00,83.92
U019129,2025-08-31 23:28:00,57.83
U019177,2025-09-02 17:31:00,62.84
U019178,2025-08-24 13:22:00,133.68
U019182,2025-07-06 07:37:00,76.49
U019196,2025-07-14 15:27:00,56.83
U019257,2025-08-16 08:02:00,77.61
U019276,2025-08-17 08:41:00,45.16
U019279,2025-10-03 21:16:00,57.57
U019298,2025-08-10 17:53:00,53.53
U019338,2025-09-13 13:41:00,92.9
U019382,2025-09-29 19:50:00,109.89
U019408,2025-07-20 07:37:00,94.38
U019412,2025-09-10 20:39:00,182.31
U019429,2025-08-20 10:23:00,98.1
U019466,2025-07-24 14:04:00,72.08
U019478,2025-08-27 21:25:00,30.02
U019481,2025-08-20 01:43:00,100.61
U019507,2025-07-19 09:57:00,67.36
U019524,2025-07-29 19:35:00,65.01
U019594,2025-07-21 12:17:00,100.58
U019617,2025-08-29 03:22:00,76.42
U019654,2025-07-23 02:39:00,66.96
U019656,2025-08-31 15:03:00,100.78
U019675,2025-09-29 04:43:00,66.48
U019680,2025-07-29 16:27:00,72.35
U019687,2025-08-10 09:17:00,89.17
U019691,2025-08-04 05:58:00,74.49
U019702,2025-08-22 15:20:00,104.05
U019745,2025-08-05 14:04:00,71.71
U019767,2025-08-01 01:10:00,65.54
U019788,2025-09-03 13:54:00,44.72
U019819,2025-09-07 10:05:00,100.81
U019833,2025-09-10 08:02:00,49.3
U019844,2025-07-28 11:26:00,36.3
U019848,2025-07-20 04:04:00,76.48
U019861,2025-08-26 21:21:00,29.6
U019881,2025-08-09 21:03:00,35.82
U019889,2025-09-04 23:39:00,73.78
U019900,2025-08-10 23:03:00,145.62
U019903,2025-08-18 00:01:00,51.93
U019935,2025-07-25 13:57:00,95.01
U019969,2025-08-26 05:03:00,75.37
U019983,2025-09-07 20:31:00,104.25
U020001,2025-09-11 06:14:00,50.4
U020026,2025-07-07 17:57:00,72.55
U020028,2025-08-20 02:06:00,23.48
U020038,2025-08-23 09:41:00,24.93
U020063,2025-07-11 19:35:00,79.42
U020071,2025-09-14 15:10:00,56.05
U020101,2025-08-02 04:49:00,41.14
U020112,2025-09-13 13:13:00,50.43
U020144,2025-08-02 07:02:00,86.38
U020164,2025-09-12 16:37:00,53.74
U020212,2025-08-06 00:21:00,63.03
U020216,2025-08-02 09:32:00,54.56
U020317,2025-08-01 01:05:00,152.19
U020319,2025-07-11 09:40:00,56.14
U020333,2025-08-01 11:55:00,70.53
U020337,2025-08-07 04:51:00,46.12
U020391,2025-08-01 00:56:00,119.71
U020410,2025-08-19 18:05:00,72.17
U020414,2025-07-16 18:13:00,26.84
U020431,2025-08-31 12:34:00,47.7
U020462,2025-08-31 22:38:00,47.46
U020492,2025-09-18 05:43:00,57.51
U020506,2025-09-14 02:49:00,52.48
U020519,2025-07-17 01:16:00,71.58
U020533,2025-08-12 17:55:00,49.82
U020570,2025-07-30 07:19:00,59.4
U020684,2025-09-17 11:56:00,97.51
U020744,2025-07-21 12:33:00,93.66
U020761,2025-07-27 08:30:00,69.73
U020764,2025-08-20 14:32:00,64.2
U020773,2025-07-17 07:27:00,75.22
U020825,2025-08-21 03:50:00,82.31
U020838,2025-09-09 16:22:00,75.49
U020858,2025-09-07 09:52:00,85.46
U020890,2025-08-14 21:34:00,39.56
U020898,2025-08-12 19:19:00,40.18
U020925,2025-09-05 13:37:00,70.96
U020997,2025-08-09 21:59:00,58.97
U021007,2025-09-19 02:18:00,61.43
U021015,2025-09-16 14:23:00,40.66
U021020,2025-08-14 16:50:00,91.45
U021033,2025-07-28 19:52:00,33.5
U021048,2025-07-21 13:16:00,37.26
U021061,2025-08-10 12:16:00,91.34
U021125,2025-08-13 03:45:00,23.88
U021137,2025-08-04 02:50:00,54.65
U021185,2025-08-05 14:43:00,49.53
U021198,2025-08-04 17:37:00,51.71
U021221,2025-07-25 02:44:00,32.24
U021304,2025-08-17 19:09:00,72.16
U021305,2025-08-23 00:23:00,55.45
U021322,2025-09-02 20:44:00,73.24
U021331,2025-08-03 08:22:00,69.46
U021341,2025-07-26 02:51:00,72.63
U021367,2025-09-18 01:16:00,62.41
U021368,2025-08-20 03:05:00,48.47
U021439,2025-08-17 21:08:00,42.2
U021462,2025-08-09 23:32:00,42.71
U021496,2025-09-06 21:27:00,98.23
U021529,2025-07-28 11:21:00,79.05
U021567,2025-08-11 03:26:00,49.29
U021578,2025-07-14 21:30:00,44.63
U021590,2025-07-28 12:14:00,51.17
U021591,2025-09-16 03:44:00,50.12
U021612,2025-09-17 01:29:00,40.64
U021645,2025-08-30 14:30:00,112.65
U021668,2025-07-30 12:34:00,92.29
U021737,2025-08-09 13:52:00,72.97
U021767,2025-08-26 09:26:00,30.09
U021779,2025-08-16 04:10:00,95.65
U021788,2025-08-04 06:10:00,88.42
U021855,2025-08-31 14:31:00,225.89
U021872,2025-07-04 09:49:00,69.47
U021878,2025-09-08 22:11:00,49.67
U021915,2025-07-16 11:22:00,80.65
U021939,2025-09-11 07:58:00,36.29
U021954,2025-09-07 18:11:00,49.29
U021955,2025-08-26 10:25:00,79.61
U021976,2025-08-05 10:24:00,158.48
U021979,2025-09-15 07:41:00,65.96
U022028,2025-08-09 08:00:00,51.6
U022048,2025-08-14 17:45:00,59.26
U022062,2025-09-02 16:25:00,46.72
U022105,2025-08-27 02:38:00,143.04
U022124,2025-09-05 03:35:00,57.33
U022128,2025-08-15 08:06:00,56.75
U022157,2025-09-09 10:21:00,184.84
U022163,2025-09-08 23:01:00,68.43
U022168,2025-08-20 12:39:00,64.33
U022173,2025-09-14 23:06:00,89.51
U022203,2025-08-17 20:28:00,31.28
U022206,2025-08-05 10:23:00,133.45
U022219,2025-08-15 10:24:00,58.96
U022224,2025-09-03 02:14:00,113.65
U022259,2025-07-06 20:37:00,44.23
U022291,2025-08-17 05:10:00,72.38
U022293,2025-09-19 19:39:00,56.11
U022319,2025-07-13 19:07:00,32.34
U022328,2025-09-13 15:07:00,83.85
U022337,2025-07-23 10:17:00,65.09
U022338,2025-07-09 13:42:00,96.69
U022345,2025-08-18 16:36:00,52.47
U022358,2025-09-04 15:55:00,80.44
U022371,2025-09-20 19:49:00,119.26
U022377,2025-08-12 16:22:00,99.47
U022391,2025-07-05 15:55:00,39.78
U022405,2025-08-10 06:44:00,38.49
U022464,2025-08-18 22:13:00,22.57
U022465,2025-07-16 19:21:00,79.14
U022475,2025-08-15 22:11:00,105.3
U022476,2025-09-05 19:24:00,33.37
U022498,2025-09-26 09:33:00,27.58
U022621,2025-07-03 07:35:00,87.25
U022622,2025-07-18 17:26:00,24.99
U022628,2025-08-19 19:06:00,114.7
U022638,2025-07-25 04:15:00,122.54
U022648,2025-09-05 18:17:00,28.87
U022675,2025-08-09 18:36:00,28.63
U022680,2025-08-07 08:11:00,61.46
U022688,2025-07-29 19:54:00,93.77
U022765,2025-07-14 03:14:00,43.89
U022789,2025-08-28 04:57:00,77.29
U022790,2025-09-14 09:10:00,81.44
U022819,2025-08-01 07:09:00,44.12
U022820,2025-08-10 03:46:00,57.32
U022842,2025-08-29 02:41:00,67.17
U022847,2025-08-11 14:35:00,44.26
U022876,2025-08-19 00:12:00,98.03
U022897,2025-09-02 23:23:00,95.26
U022954,2025-09-08 06:52:00,60.85
U022962,2025-08-13 11:46:00,65.63
U022982,2025-07-13 20:33:00,112.91
U023050,2025-08-04 19:51:00,44.02
U023095,2025-09-19 17:58:00,53.74
U023104,2025-08-14 05:33:00,70.16
U023133,2025-07-27 08:09:00,32.54
U023143,2025-08-24 01:03:00,78.58
U023151,2025-08-07 15:44:00,79.58
U023154,2025-08-09 03:55:00,105.31
U023227,2025-07-21 00:15:00,95.15
U023280,2025-07-18 08:41:00,70.72
U023329,2025-09-18 04:00:00,62.01
U023359,2025-08-04 00:00:00,59.05
U023403,2025-07-28 15:45:00,38.76
U023410,2025-07-18 18:31:00,38.48
U023449,2025-07-05 09:06:00,89.51
U023479,2025-08-09 10:55:00,28.39
U023483,2025-07-06 21:52:00,65.1
U023510,2025-09-26 00:46:00,37.05
U023521,2025-07-17 23:46:00,98.36
U023536,2025-08-31 06:42:00,55.74
U023556,2025-09-08 06:05:00,83.7
U023622,2025-09-06 07:58:00,82.8
U023628,2025-08-01 04:45:00,77.14
U023632,2025-09-02 14:29:00,89.78
U023643,2025-08-14 05:42:00,68.7
U023646,2025-07-29 06:19:00,46.71
U023648,2025-08-18 23:59:00,66.84
U023651,2025-08-30 21:43:00,59.95
U023656,2025-09-16 05:03:00,44.68
U023659,2025-07-12 06:12:00,40.6
U023676,2025-08-13 19:16:00,61.8
U023731,2025-08-20 21:34:00,59.35
U023782,2025-08-22 02:54:00,24.95
U023783,2025-09-22 16:07:00,100.52
U023806,2025-08-22 02:50:00,87.27
U023829,2025-07-13 05:57:00,39.06
U023830,2025-07-23 10:49:00,22.88
U023835,2025-08-28 13:34:00,73.81
U023842,2025-07-24 13:18:00,65.95
U023864,2025-08-09 03:12:00,78.87
U023871,2025-08-19 15:06:00,108.34
U023898,2025-07-22 17:43:00,145.83
U023911,2025-09-06 13:30:00,35.6
U023924,2025-09-08 04:14:00,138.04
U023940,2025-08-01 22:53:00,24.1
U023979,2025-10-09 19:16:00,112.89
U024016,2025-07-12 10:56:00,55.9
U024021,2025-09-13 16:31:00,51.12
U024046,2025-08-08 18:06:00,80.4
U024075,2025-09-17 23:16:00,72.43
U024093,2025-08-02 19:12:00,85.0
U024147,2025-07-29 11:42:00,45.84
U024160,2025-08-15 06:29:00,79.84
U024189,2025-07-30 09:51:00,68.98
U024192,2025-07-11 15:21:00,61.85
U024235,2025-09-12 16:38:00,47.41
U024248,2025-09-02 07:40:00,50.06
U024255,2025-08-10 23:10:00,53.69
U024277,2025-09-12 04:33:00,58.05
U024321,2025-08-23 17:19:00,29.64
U024333,2025-08-09 22:14:00,48.85
U024416,2025-07-21 00:22:00,45.36
U024419,2025-08-19 20:14:00,37.61
U024429,2025-08-09 02:59:00,98.76
U024488,2025-09-10 08:24:00,78.78
U024505,2025-07-26 03:48:00,47.67
U024555,2025-09-12 11:00:00,46.94
U024581,2025-09-16 17:24:00,108.18
U024608,2025-07-15 10:43:00,39.79
U024653,2025-08-05 10:00:00,50.11
U024663,2025-08-05 22:49:00,117.68
U024665,2025-09-03 22:49:00,158.43
U024700,2025-08-23 11:29:00,29.77
U024713,2025-08-18 21:32:00,52.68
U024731,2025-09-07 00:24:00,73.01
U024768,2025-08-04 09:45:00,70.17
U024781,2025-07-22 13:15:00,58.26
U024805,2025-08-13 00:41:00,52.31
U024813,2025-07-14 22:12:00,93.62
U024818,2025-08-31 00:27:00,32.4
U024909,2025-08-16 03:49:00,55.34
U024929,2025-07-04 22:26:00,112.0
U024941,2025-09-08 20:02:00,84.41
U024957,2025-08-24 22:26:00,35.75
U024976,2025-08-12 02:02:00,75.13
U024983,2025-10-25 06:53:00,54.19
U024998,2025-09-09 19:07:00,61.26
U025009,2025-08-05 06:58:00,48.39
U025040,2025-09-08 13:28:00,84.99
U025054,2025-07-29 16:08:00,57.43
U025057,2025-08-26 09:42:00,27.82
U025080,2025-09-07 05:33:00,112.48
U025092,2025-08-29 20:41:00,112.76
U025099,2025-09-06 23:05:00,71.25
U025105,2025-08-23 05:06:00,61.55
U025137,2025-08-20 08:20:00,58.81
U025186,2025-07-27 02:19:00,84.24
U025201,2025-09-06 18:31:00,46.15
U025228,2025-08-30 04:11:00,58.82
U025230,2025-09-12 10:40:00,79.54
U025245,2025-07-23 14:12:00,44.02
U025293,2025-08-10 03:28:00,136.07
U025294,2025-09-29 00:22:00,89.61
U025303,2025-09-20 16:24:00,56.08
U025343,2025-08-31 11:09:00,56.14
U025348,2025-08-11 04:30:00,115.57
U025357,2025-08-01 09:50:00,56.42
U025377,2025-07-21 06:46:00,72.6
U025384,2025-11-08 11:28:00,63.93
U025398,2025-09-04 00:47:00,44.85
U025400,2025-08-26 12:55:00,59.25
U025438,2025-08-06 14:54:00,72.53
U025446,2025-08-27 11:38:00,52.86
U025462,2025-09-29 14:18:00,31.7
U025463,2025-08-30 13:30:00,39.67
U025526,2025-08-14 15:27:00,59.29
U025545,2025-08-24 08:43:00,114.91
U025579,2025-08-07 19:21:00,41.11
U025584,2025-09-03 17:09:00,32.21
U025590,2025-07-26 15:54:00,53.49
U025624,2025-07-17 12:26:00,90.49
U025643,2025-07-29 02:09:00,64.01
U025646,2025-07-05 18:06:00,61.77
U025681,2025-09-09 03:08:00,48.0
U025701,2025-09-20 19:08:00,24.85
U025710,2025-09-07 21:34:00,28.19
U025715,2025-07-28 07:27:00,132.61
U025749,2025-08-02 13:21:00,35.87
U025752,2025-08-15 09:37:00,48.25
U025766,2025-09-06 14:34:00,49.23
U025803,2025-08-25 22:26:00,73.89
U025805,2025-08-15 19:12:00,58.01
U025830,2025-08-22 17:59:00,82.04
U025852,2025-08-09 09:46:00,105.53
U025867,2025-07-11 17:04:00,48.89
U025880,2025-08-06 13:24:00,33.75
U025913,2025-08-17 04:50:00,29.02
U025929,2025-09-23 03:01:00,60.33
U025976,2025-09-15 20:20:00,65.55
U025982,2025-07-22 17:08:00,53.58
U025989,2025-09-26 09:57:00,71.97
U026004,2025-07-24 11:37:00,81.58
U026027,2025-08-27 02:05:00,41.26
U026050,2025-09-11 20:05:00,88.78
U026057,2025-09-24 09:41:00,46.36
U026059,2025-07-23 02:18:00,49.41
U026099,2025-07-14 14:09:00,25.25
U026114,2025-09-10 11:24:00,82.96
U026129,2025-09-13 08:16:00,38.74
U026195,2025-07-19 19:35:00,112.05
U026204,2025-08-14 21:15:00,39.79
U026214,2025-07-31 08:04:00,98.29
U026228,2025-08-16 14:21:00,78.59
U026255,2025-08-09 12:58:00,84.15
U026268,2025-08-06 09:16:00,82.35
U026293,2025-09-07 19:46:00,44.06
U026296,2025-07-23 21:06:00,51.55
U026300,2025-08-30 23:38:00,53.23
U026317,2025-07-25 09:46:00,40.03
U026331,2025-09-05 05:18:00,71.85
U026365,2025-08-15 16:27:00,67.0
U026385,2025-07-18 17:59:00,92.03
U026392,2025-09-17 14:50:00,97.18
U026409,2025-08-14 06:22:00,66.58
U026410,2025-07-10 21:30:00,80.86
U026412,2025-07-19 20:21:00,30.11
U026443,2025-08-06 11:42:00,86.54
U026445,2025-09-11 04:03:00,76.21
U026501,2025-09-01 10:46:00,77.68
U026513,2025-07-20 04:54:00,36.6
U026518,2025-07-24 04:33:00,65.8
U026526,2025-07-16 10:25:00,90.61
U026535,2025-09-16 07:41:00,63.0
U026588,2025-09-07 20:11:00,86.55
U026595,2025-07-31 11:38:00,48.71
U026622,2025-08-20 21:26:00,49.2
U026640,2025-09-07 13:02:00,33.43
U026663,2025-08-19 11:50:00,76.78
U026677,2025-08-13 14:32:00,55.85
U026692,2025-08-26 12:00:00,172.35
U026794,2025-07-10 15:40:00,29.54
U026805,2025-08-02 20:14:00,70.24
U026810,2025-07-28 03:07:00,87.66
U026831,2025-09-15 08:49:00,58.48
U026839,2025-07-06 20:16:00,75.99
U026844,2025-07-14 13:14:00,65.06
U026876,2025-08-04 21:55:00,163.58
U026886,2025-07-15 13:46:00,180.29
U026919,2025-09-03 20:17:00,91.59
U026932,2025-08-07 09:38:00,37.68
U026936,2025-08-27 18:11:00,79.42
U026976,2025-09-09 18:08:00,45.86
U026980,2025-07-08 14:58:00,78.49
U027008,2025-07-24 11:13:00,79.73
U027023,2025-09-13 19:24:00,43.46
U027047,2025-08-31 19:35:00,67.8
U027050,2025-09-16 17:07:00,36.31
U027069,2025-08-14 06:19:00,62.46
U027095,2025-07-09 03:18:00,72.46
U027107,2025-08-12 10:57:00,45.91
U027121,2025-08-02 06:00:00,29.39
U027138,2025-08-19 08:25:00,85.15
U027150,2025-07-09 20:12:00,80.41
U027151,2025-09-09 07:19:00,61.91
U027162,2025-07-22 16:21:00,52.36
U027251,2025-09-05 21:44:00,33.73
U027265,2025-09-06 10:06:00,46.1
U027275,2025-07-27 01:01:00,78.43
U027326,2025-09-17 06:13:00,58.46
U027340,2025-07-29 14:11:00,104.83
U027367,2025-07-26 04:14:00,151.86
U027385,2025-09-04 08:43:00,31.35
U027417,2025-08-28 22:00:00,92.85
U027457,2025-08-13 16:25:00,42.98
U027500,2025-09-06 07:06:00,62.85
U027502,2025-07-28 19:20:00,61.84
U027511,2025-07-10 02:58:00,56.79
U027575,2025-09-22 13:51:00,67.57
U027655,2025-09-15 05:57:00,28.32
U027672,2025-09-08 22:07:00,89.74
U027692,2025-08-28 15:11:00,125.25
U027701,2025-07-27 05:50:00,89.05
U027703,2025-07-24 06:32:00,42.57
U027722,2025-07-03 23:17:00,43.39
U027733,2025-07-15 01:15:00,32.6
U027760,2025-09-20 00:40:00,39.78
U027771,2025-08-05 16:54:00,39.17
U027805,2025-08-17 16:47:00,130.63
U027823,2025-09-27 11:12:00,93.6
U027840,2025-07-26 00:49:00,105.46
U027909,2025-08-22 07:12:00,68.27
U027928,2025-09-06 19:28:00,93.91
U027947,2025-09-10 18:39:00,63.01
U027950,2025-09-07 22:40:00,108.89
U027958,2025-08-28 03:33:00,70.29
U028002,2025-09-21 02:09:00,63.93
U028011,2025-07-19 22:01:00,74.49
U028052,2025-09-16 13:43:00,58.63
U028053,2025-07-20 15:14:00,81.76
U028086,2025-08-15 02:50:00,61.33
U028101,2025-07-25 14:05:00,20.32
U028145,2025-07-29 06:09:00,109.08
U028177,2025-07-14 23:48:00,47.87
U028198,2025-08-18 17:51:00,46.33
U028215,2025-08-16 17:05:00,41.99
U028225,2025-07-22 09:06:00,34.88
U028234,2025-07-03 19:26:00,127.15
U028269,2025-08-15 10:29:00,85.06
U028298,2025-07-13 17:04:00,39.15
U028310,2025-08-15 19:10:00,70.79
U028319,2025-08-02 03:11:00,94.68
U028359,2025-09-21 15:51:00,104.58
U028370,2025-09-13 01:09:00,60.84
U028454,2025-07-21 21:46:00,49.25
U028474,2025-09-16 15:07:00,41.43
U028475,2025-07-12 10:49:00,73.78
U028485,2025-09-15 00:05:00,65.55
U028488,2025-08-01 22:41:00,77.2
U028505,2025-07-07 20:09:00,64.55
U028512,2025-07-13 17:37:00,93.39
U028515,2025-07-23 18:24:00,131.0
U028524,2025-09-11 09:07:00,84.93
U028552,2025-09-05 11:53:00,73.27
U028563,2025-07-11 21:26:00,78.7
U028604,2025-09-20 14:29:00,31.75
U028630,2025-07-21 13:29:00,33.69
U028639,2025-08-02 13:02:00,48.5
U028730,2025-07-18 12:14:00,63.31
U028735,2025-07-11 05:28:00,48.03
U028740,2025-08-09 00:38:00,87.21
U028760,2025-08-21 12:01:00,102.53
U028775,2025-09-15 04:46:00,73.61
U028801,2025-09-02 22:46:00,119.95
U028802,2025-08-18 21:00:00,60.74
U028806,2025-08-31 06:13:00,47.42
U028872,2025-09-05 17:32:00,102.94
U028896,2025-08-15 05:53:00,52.3
U028929,2025-08-11 14:16:00,38.39
U028945,2025-07-23 18:44:00,48.25
U028966,2025-08-27 20:04:00,158.47
U028991,2025-07-06 10:01:00,62.3
U029018,2025-07-06 00:54:00,54.42
U029027,2025-09-30 19:20:00,70.37
U029036,2025-07-30 00:23:00,65.66
U029038,2025-09-10 20:35:00,42.62
U029103,2025-08-27 23:05:00,31.1
U029109,2025-07-25 06:31:00,106.56
U029143,2025-08-15 18:06:00,66.54
U029149,2025-07-19 12:50:00,98.0
U029157,2025-08-31 09:12:00,68.4
U029173,2025-08-23 03:28:00,77.13
U029211,2025-09-15 23:50:00,67.86
U029212,2025-08-24 04:07:00,54.39
U029218,2025-09-24 18:46:00,46.72
U029226,2025-10-04 14:07:00,32.16
U029229,2025-08-19 02:27:00,64.67
U029230,2025-07-14 17:09:00,40.84
U029251,2025-07-21 17:45:00,58.2
U029297,2025-09-12 05:35:00,72.34
U029344,2025-08-26 08:22:00,63.53
U029389,2025-09-05 22:40:00,94.59
U029441,2025-08-31 12:38:00,79.71
U029448,2025-09-02 01:22:00,83.92
U029464,2025-07-31 14:44:00,87.26
U029486,2025-08-31 20:13:00,106.26
U029500,2025-09-09 07:36:00,60.69
U029504,2025-07-11 13:03:00,102.88
U029526,2025-08-28 09:57:00,47.4
U029530,2025-08-28 07:31:00,111.66
U029531,2025-08-13 19:42:00,71.54
U029536,2025-07-23 00:39:00,73.57
U029546,2025-08-12 13:45:00,163.83
U029574,2025-08-15 16:45:00,57.45
U029583,2025-07-13 02:44:00,26.99
U029597,2025-09-04 15:42:00,84.91
U029718,2025-07-23 22:23:00,28.89
U029742,2025-07-27 13:20:00,46.04
U029750,2025-07-06 22:39:00,138.93
U029830,2025-09-13 00:12:00,50.15
U029859,2025-08-14 13:40:00,67.05
U029860,2025-08-10 15:28:00,68.51
U029874,2025-08-31 00:55:00,50.92
U029878,2025-08-29 16:52:00,96.75
U029941,2025-09-16 04:35:00,74.05
U029942,2025-07-22 19:41:00,53.82
U029970,2025-08-11 13:23:00,153.7
U029973,2025-08-07 13:14:00,39.87
U029990,2025-08-16 15:37:00,24.24
U029993,2025-09-26 05:04:00,52.32
U029997,2025-08-14 18:37:00,49.86
U030077,2025-08-07 03:46:00,124.6
U030128,2025-08-09 11:27:00,137.95
U030134,2025-07-14 11:59:00,34.07
U030151,2025-07-20 06:27:00,53.66
U030167,2025-09-08 22:46:00,60.69
U030209,2025-08-27 13:49:00,54.55
U030225,2025-07-15 00:52:00,102.58
U030244,2025-08-09 20:28:00,65.55
U030266,2025-09-08 00:17:00,103.11
U030272,2025-08-06 17:29:00,138.04
U030319,2025-09-16 07:04:00,94.56
U030326,2025-07-15 01:37:00,73.25
U030362,2025-09-06 05:59:00,24.57
U030371,2025-07-11 09:32:00,34.83
U030375,2025-07-09 23:28:00,199.74
U030384,2025-09-15 19:29:00,43.41
U030410,2025-09-27 18:32:00,43.36
U030428,2025-09-11 02:25:00,70.36
U030430,2025-07-09 06:27:00,75.85
U030436,2025-08-29 23:19:00,75.58
U030471,2025-09-10 10:28:00,80.51
U030484,2025-09-02 14:46:00,67.34
U030485,2025-07-12 07:58:00,67.13
U030491,2025-08-05 14:47:00,60.99
U030534,2025-08-20 20:08:00,50.88
U030568,2025-07-27 04:13:00,56.32
U030626,2025-08-07 02:34:00,49.99
U030638,2025-09-04 00:10:00,52.57
U030672,2025-07-19 22:43:00,64.15
U030695,2025-09-17 20:30:00,83.83
U030743,2025-07-08 04:53:00,71.56
U030747,2025-07-29 07:45:00,61.07
U030773,2025-07-07 03:38:00,53.42
U030789,2025-08-20 17:58:00,56.25
U030820,2025-09-17 09:22:00,72.6
U030859,2025-08-31 17:51:00,22.36
U030895,2025-07-10 05:12:00,29.54
U030907,2025-08-05 19:40:00,40.45
U030912,2025-07-14 13:59:00,104.97
U030917,2025-09-11 09:43:00,50.86
U030926,2025-08-26 13:50:00,23.54
U030996,2025-07-29 01:36:00,52.44
U031014,2025-08-11 18:54:00,89.99
U031029,2025-07-20 14:16:00,43.45
U031035,2025-08-19 16:37:00,26.86
U031065,2025-08-10 08:31:00,67.97
U031071,2025-07-20 09:37:00,55.25
U031136,2025-08-28 17:26:00,38.83
U031147,2025-09-25 04:55:00,19.26
U031172,2025-10-06 08:50:00,106.23
U031208,2025-08-30 18:08:00,51.09
U031229,2025-07-15 21:12:00,159.09
U031243,2025-07-22 21:47:00,92.12
U031255,2025-08-10 22:47:00,79.88
U031259,2025-08-07 04:05:00,45.54
U031279,2025-09-18 11:57:00,93.42
U031283,2025-09-15 21:59:00,25.43
U031289,2025-08-28 12:24:00,45.42
U031318,2025-08-16 08:35:00,62.96
U031335,2025-09-22 04:33:00,71.22
U031386,2025-09-15 21:55:00,70.26
U031388,2025-08-15 18:24:00,33.81
U031395,2025-09-13 21:11:00,54.9
U031406,2025-09-03 01:03:00,64.57
U031436,2025-07-26 23:10:00,96.71
U031439,2025-09-06 11:04:00,76.5
U031445,2025-07-18 16:43:00,58.52
U031450,2025-07-20 10:21:00,97.98
U031468,2025-08-02 22:09:00,72.11
U031508,2025-07-26 01:50:00,61.5
U031511,2025-09-10 14:01:00,75.57
U031542,2025-08-04 03:18:00,31.33
U031545,2025-09-23 09:21:00,109.72
U031573,2025-08-27 07:12:00,86.86
U031582,2025-07-30 09:26:00,63.45
U031595,2025-09-08 10:18:00,65.22
U031598,2025-09-09 18:34:00,78.76
U031608,2025-07-24 21:37:00,46.11
U031629,2025-08-02 06:06:00,43.73
U031675,2025-07-03 09:46:00,193.17
U031691,2025-07-06 06:05:00,73.26
U031708,2025-08-06 00:10:00,68.93
U031720,2025-08-14 08:52:00,60.51
U031732,2025-07-27 18:53:00,61.85
U031737,2025-09-19 18:38:00,59.08
U031759,2025-08-01 23:46:00,100.29
U031762,2025-09-19 11:29:00,90.33
U031806,2025-07-08 03:18:00,88.42
U031846,2025-07-12 04:10:00,28.69
U031865,2025-07-15 04:57:00,80.42
U031876,2025-08-23 12:34:00,93.2
U031881,2025-09-13 20:08:00,69.88
U031918,2025-08-26 03:50:00,33.36
U031933,2025-07-30 19:36:00,57.54
U031945,2025-08-05 04:12:00,111.54
U031984,2025-08-21 10:20:00,43.84
U032063,2025-08-04 19:26:00,42.29
U032126,2025-09-09 05:11:00,54.98
U032128,2025-07-11 04:41:00,59.72
U032131,2025-08-20 01:16:00,77.35
U032206,2025-07-14 18:28:00,111.56
U032233,2025-08-13 00:58:00,47.15
U032270,2025-08-11 12:30:00,62.56
U032277,2025-07-17 00:35:00,97.32
U032283,2025-09-22 02:26:00,52.76
U032295,2025-07-28 15:38:00,70.68
U032300,2025-07-09 13:37:00,80.0
U032308,2025-07-09 18:57:00,51.32
U032313,2025-08-27 08:51:00,41.8
U032320,2025-08-17 16:35:00,128.78
U032332,2025-08-22 09:33:00,100.86
U032354,2025-09-07 20:51:00,56.07
U032362,2025-09-04 18:14:00,141.93
U032418,2025-07-21 05:14:00,74.8
U032459,2025-08-26 06:29:00,59.13
U032468,2025-07-28 18:56:00,100.31
U032573,2025-08-25 23:57:00,82.67
U032580,2025-07-27 06:51:00,65.43
U032583,2025-07-23 17:54:00,65.25
U032600,2025-08-16 22:34:00,124.4
U032606,2025-09-03 02:53:00,60.73
U032625,2025-09-01 19:57:00,133.61
U032638,2025-09-30 04:26:00,26.79
U032645,2025-07-28 02:32:00,47.73
U032665,2025-08-04 01:30:00,93.8
U032696,2025-09-01 13:26:00,65.26
U032702,2025-09-22 17:04:00,56.79
U032703,2025-08-20 13:58:00,97.69
U032780,2025-09-05 12:27:00,72.17
U032792,2025-07-20 00:12:00,75.55
U032806,2025-09-04 20:00:00,56.87
U032811,2025-07-27 19:16:00,49.59
U032916,2025-09-09 22:48:00,43.27
U032923,2025-08-18 01:53:00,44.64
U032937,2025-09-04 00:54:00,89.9
U032957,2025-07-30 19:55:00,73.36
U032999,2025-08-30 16:49:00,42.29
U033013,2025-09-04 19:13:00,60.96
U033050,2025-09-02 22:03:00,33.9
U033053,2025-08-07 07:30:00,29.35
U033054,2025-08-28 14:30:00,82.97
U033082,2025-09-19 07:23:00,46.74
U033109,2025-08-06 15:52:00,118.28
U033122,2025-07-21 13:13:00,63.05
U033125,2025-07-28 17:27:00,108.91
U033140,2025-09-05 21:19:00,30.96
U033181,2025-07-15 08:54:00,112.74
U033186,2025-09-16 02:40:00,114.25
U033201,2025-08-30 02:42:00,87.29
U033227,2025-07-11 18:08:00,40.79
U033230,2025-07-26 03:41:00,89.16
U033243,2025-08-28 14:34:00,82.86
U033244,2025-08-30 00:44:00,54.38
U033287,2025-08-24 21:39:00,30.57
U033312,2025-07-13 16:21:00,33.92
U033363,2025-07-23 05:42:00,70.4
U033384,2025-07-09 19:28:00,34.88
U033406,2025-08-11 23:49:00,49.16
U033414,2025-08-22 14:43:00,30.97
U033418,2025-08-13 10:16:00,76.86
U033447,2025-07-06 09:39:00,69.05
U033448,2025-08-03 00:09:00,79.63
U033508,2025-08-04 19:11:00,55.47
U033514,2025-07-06 02:50:00,91.83
U033515,2025-08-01 17:45:00,38.44
U033527,2025-07-18 21:00:00,52.93
U033543,2025-07-30 11:28:00,68.37
U033569,2025-08-08 02:44:00,321.3
U033588,2025-09-25 21:56:00,110.68
U033592,2025-09-03 14:07:00,58.06
U033611,2025-08-09 01:42:00,33.36
U033617,2025-09-02 16:16:00,93.98
U033627,2025-09-10 08:55:00,37.51
U033663,2025-09-21 19:47:00,37.22
U033667,2025-08-10 01:31:00,61.71
U033674,2025-07-28 09:19:00,92.36
U033692,2025-08-20 08:53:00,87.05
U033709,2025-08-15 04:54:00,83.62
U033728,2025-09-15 02:13:00,147.13
U033774,2025-09-23 12:58:00,100.05
U033805,2025-08-12 09:55:00,58.08
U033834,2025-07-04 20:49:00,37.52
U033883,2025-09-03 10:52:00,66.42
U033903,2025-08-27 22:24:00,47.09
U033907,2025-08-04 07:29:00,82.54
U033921,2025-08-12 09:23:00,36.96
U033931,2025-09-08 23:05:00,33.79
U034009,2025-08-20 16:44:00,54.13
U034010,2025-07-28 05:32:00,74.12
U034011,2025-08-03 21:38:00,37.75
U034101,2025-07-27 23:29:00,63.0
U034121,2025-07-11 00:46:00,126.59
U034126,2025-07-28 17:49:00,76.59
U034129,2025-07-28 13:20:00,86.97
U034180,2025-07-22 03:18:00,47.61
U034189,2025-08-22 03:57:00,80.4
U034194,2025-07-13 19:24:00,56.73
U034205,2025-07-14 10:14:00,43.76
U034228,2025-08-27 07:07:00,55.89
U034274,2025-07-17 22:45:00,31.81
U034299,2025-09-06 22:41:00,66.61
U034305,2025-07-19 13:55:00,60.64
U034327,2025-08-12 00:55:00,86.82
U034420,2025-08-08 03:51:00,98.04
U034429,2025-09-10 09:59:00,57.72
U034502,2025-07-29 07:01:00,63.56
U034525,2025-07-27 08:00:00,46.99
U034561,2025-07-12 17:51:00,85.54
U034576,2025-08-17 18:43:00,125.68
U034577,2025-09-09 06:50:00,77.58
U034578,2025-07-11 18:55:00,84.07
U034598,2025-09-13 20:22:00,33.93
U034600,2025-08-18 06:04:00,50.6
U034606,2025-07-16 23:36:00,62.14
U034616,2025-08-22 14:13:00,30.53
U034641,2025-09-18 15:35:00,86.45
U034643,2025-08-31 01:32:00,114.9
U034659,2025-08-13 00:26:00,63.52
U034674,2025-09-15 09:14:00,105.18
U034782,2025-08-01 04:03:00,189.37
U034846,2025-07-20 23:22:00,22.82
U034856,2025-09-14 03:49:00,115.15
U034894,2025-07-21 13:39:00,32.35
U034946,2025-07-21 04:44:00,105.16
U034965,2025-08-23 19:45:00,98.14
U034980,2025-09-25 09:27:00,93.03
U034986,2025-08-14 02:27:00,57.11
U035011,2025-08-02 17:20:00,54.49
U035018,2025-08-08 02:34:00,138.33
U035019,2025-08-19 23:42:00,35.11
U035066,2025-08-15 01:52:00,42.83
U035103,2025-08-08 04:59:00,31.51
U035120,2025-08-20 22:10:00,59.23
U035150,2025-08-26 02:29:00,58.14
U035156,2025-08-28 19:34:00,69.96
U035194,2025-07-02 19:46:00,30.08
U035207,2025-08-22 07:26:00,83.94
U035217,2025-09-02 03:26:00,46.97
U035249,2025-09-04 00:45:00,23.46
U035251,2025-08-24 17:41:00,81.25
U035278,2025-07-13 17:59:00,240.07
U035311,2025-08-02 09:24:00,78.45
U035344,2025-08-28 18:16:00,50.48
U035354,2025-07-31 07:26:00,87.96
U035363,2025-10-14 03:59:00,111.58
U035377,2025-07-27 08:00:00,90.99
U035391,2025-09-02 05:03:00,83.67
U035470,2025-07-21 13:31:00,84.94
U035508,2025-07-15 09:09:00,76.55
U035603,2025-07-12 13:40:00,90.25
U035610,2025-07-14 20:21:00,141.41
U035627,2025-07-12 23:44:00,37.51
U035632,2025-08-10 10:40:00,110.29
U035701,2025-07-20 10:39:00,82.46
U035705,2025-08-25 00:26:00,75.8
U035714,2025-09-18 18:20:00,36.42
U035716,2025-07-21 04:39:00,31.92
U035718,2025-09-03 16:52:00,90.55
U035734,2025-08-17 17:31:00,47.57
U035777,2025-08-20 07:37:00,80.44
U035778,2025-07-02 21:12:00,60.42
U035780,2025-09-03 14:33:00,61.85
U035844,2025-07-24 20:41:00,31.15
U035846,2025-09-12 16:54:00,72.41
U035857,2025-08-25 19:41:00,71.97
U035858,2025-09-10 07:53:00,76.66
U035865,2025-08-26 00:27:00,58.42
U035872,2025-09-18 07:20:00,103.96
U035878,2025-09-01 05:02:00,68.69
U035889,2025-08-14 19:00:00,56.29
U035899,2025-09-15 05:46:00,55.98
U035905,2025-08-07 15:05:00,31.25
U035915,2025-07-10 21:51:00,67.49
U035946,2025-09-03 13:59:00,87.0
U035982,2025-09-09 15:05:00,88.27
U035984,2025-08-04 10:47:00,119.71
U035989,2025-09-03 10:46:00,37.05
U036000,2025-08-08 22:15:00,44.74
U036006,2025-09-08 03:24:00,76.79
U036034,2025-07-28 13:45:00,97.01
U036066,2025-08-22 07:02:00,82.0
U036088,2025-08-13 20:56:00,58.46
U036136,2025-07-04 09:59:00,39.91
U036248,2025-07-21 03:56:00,51.44
U036277,2025-07-30 12:56:00,46.91
U036293,2025-09-13 12:58:00,72.21
U036338,2025-07-24 23:06:00,245.36
U036365,2025-07-24 01:15:00,53.1
U036369,2025-09-13 07:19:00,117.9
U036416,2025-08-07 20:57:00,58.43
U036417,2025-07-31 03:06:00,41.81
U036449,2025-09-22 06:33:00,54.1
U036468,2025-07-23 20:16:00,26.27
U036492,2025-08-13 15:50:00,72.61
U036495,2025-08-22 11:54:00,59.52
U036517,2025-09-24 12:47:00,50.73
U036528,2025-08-03 18:20:00,62.41
U036531,2025-08-18 08:19:00,128.18
U036538,2025-08-16 05:45:00,32.32
U036571,2025-08-15 10:49:00,30.82
U036577,2025-07-17 21:17:00,33.49
U036614,2025-08-04 03:48:00,29.69
U036647,2025-08-24 11:20:00,154.91
U036661,2025-07-12 19:41:00,39.74
U036687,2025-09-13 04:14:00,39.07
U036699,2025-07-22 01:11:00,80.57
U036736,2025-08-06 06:22:00,78.77
U036741,2025-08-02 14:55:00,71.13
U036776,2025-08-13 17:47:00,29.92
U036785,2025-08-15 19:34:00,59.65
U036788,2025-07-25 11:39:00,70.4
U036812,2025-08-28 13:25:00,175.2
U036818,2025-08-13 11:48:00,48.49
U036857,2025-07-08 03:18:00,99.72
U036859,2025-07-05 02:54:00,45.96
U036869,2025-07-27 18:33:00,123.27
U036946,2025-07-23 23:40:00,59.03
U036947,2025-09-02 10:42:00,53.17
U036973,2025-08-09 05:52:00,93.52
U036982,2025-07-31 16:14:00,163.04
U036984,2025-07-13 21:39:00,73.58
U036994,2025-07-02 19:29:00,21.64
U037029,2025-08-22 03:37:00,69.03
U037037,2025-07-23 06:23:00,54.92
U037050,2025-08-14 18:21:00,57.82
U037090,2025-07-19 23:05:00,67.84
U037172,2025-09-13 06:47:00,26.9
U037173,2025-08-11 20:58:00,77.09
U037192,2025-07-17 23:32:00,121.8
U037203,2025-07-01 14:43:00,53.33
U037248,2025-09-14 13:22:00,75.26
U037338,2025-07-28 12:59:00,47.83
U037379,2025-08-31 11:13:00,56.2
U037393,2025-07-10 23:56:00,29.03
U037402,2025-08-03 07:06:00,86.46
U037408,2025-09-21 21:30:00,63.6
U037418,2025-07-30 12:49:00,56.98
U037538,2025-08-21 17:30:00,73.12
U037633,2025-09-10 20:10:00,206.77
U037639,2025-07-15 07:34:00,44.42
U037641,2025-09-13 09:32:00,59.65
U037656,2025-07-16 20:24:00,93.81
U037665,2025-09-13 16:36:00,69.71
U037675,2025-07-03 11:04:00,52.23
U037691,2025-07-19 06:40:00,41.29
U037692,2025-09-06 07:41:00,38.38
U037699,2025-08-18 14:44:00,45.73
U037714,2025-07-31 15:21:00,82.43
U037755,2025-09-05 20:08:00,133.97
U037757,2025-07-22 18:30:00,36.42
U037776,2025-09-12 18:41:00,72.14
U037843,2025-08-27 19:53:00,58.01
U037850,2025-08-03 20:28:00,38.03
U037860,2025-07-25 14:26:00,82.8
U037893,2025-09-11 06:41:00,117.51
U037900,2025-09-14 04:36:00,46.28
U037915,2025-07-22 21:24:00,129.24
U037986,2025-08-30 21:42:00,127.51
U038022,2025-07-11 09:09:00,87.07
U038024,2025-09-06 08:23:00,58.09
U038075,2025-08-09 13:19:00,67.14
U038091,2025-07-16 22:05:00,37.51
U038094,2025-08-14 07:02:00,139.36
U038099,2025-09-03 03:06:00,53.94
U038119,2025-07-15 19:16:00,62.03
U038181,2025-08-14 08:51:00,40.23
U038203,2025-09-03 09:43:00,117.25
U038212,2025-09-13 14:16:00,49.33
U038229,2025-08-25 22:03:00,55.78
U038235,2025-08-29 16:29:00,46.79
U038236,2025-09-20 07:36:00,58.03
U038335,2025-08-09 21:30:00,156.02
U038356,2025-07-28 01:53:00,133.39
U038359,2025-09-04 08:52:00,64.79
U038382,2025-08-09 20:54:00,27.47
U038390,2025-09-12 19:36:00,26.77
U038417,2025-07-28 00:50:00,103.19
U038424,2025-08-22 08:30:00,57.48
U038447,2025-09-07 09:29:00,148.65
U038454,2025-07-04 13:30:00,76.63
U038476,2025-08-22 19:02:00,79.99
U038477,2025-09-14 19:52:00,82.05
U038481,2025-08-25 10:47:00,58.34
U038502,2025-09-09 08:28:00,45.33
U038543,2025-09-24 00:52:00,50.56
U038546,2025-09-17 18:08:00,33.55
U038562,2025-07-05 20:34:00,55.03
U038590,2025-08-13 13:25:00,177.01
U038619,2025-07-15 15:41:00,84.34
U038684,2025-09-05 06:34:00,120.1
U038714,2025-07-17 04:00:00,49.63
U038726,2025-09-06 03:56:00,33.84
U038761,2025-07-24 02:31:00,58.58
U038819,2025-07-07 15:06:00,119.56
U038842,2025-08-27 20:45:00,25.08
U038864,2025-08-20 01:35:00,27.75
U038908,2025-07-08 01:12:00,78.33
U038910,2025-09-01 19:43:00,78.41
U038912,2025-09-12 05:59:00,75.69
U038914,2025-08-17 18:12:00,70.3
U038941,2025-08-13 15:43:00,47.63
U038942,2025-08-12 12:04:00,216.55
U038946,2025-07-25 05:18:00,136.18
U038966,2025-07-12 06:13:00,44.66
U038982,2025-09-12 08:46:00,66.73
U038983,2025-07-26 02:03:00,76.44
U038988,2025-08-13 10:48:00,46.53
U038991,2025-07-13 18:37:00,71.05
U038994,2025-08-22 04:31:00,159.7
U039019,2025-09-27 02:47:00,96.76
U039036,2025-07-28 20:56:00,122.82
U039053,2025-07-21 13:55:00,56.58
U039058,2025-09-18 03:53:00,79.49
U039059,2025-07-25 09:15:00,70.74
U039070,2025-08-06 22:06:00,69.41
U039088,2025-08-28 23:10:00,38.01
U039101,2025-09-04 15:54:00,45.07
U039118,2025-08-28 05:54:00,57.55
U039133,2025-07-13 17:07:00,78.65
U039136,2025-09-15 13:50:00,88.99
U039138,2025-07-31 18:08:00,43.6
U039179,2025-07-26 14:07:00,54.08
U039187,2025-07-11 11:19:00,44.91
U039201,2025-08-22 18:49:00,35.11
U039206,2025-08-31 10:38:00,77.56
U039226,2025-09-13 10:11:00,27.91
U039239,2025-07-06 12:35:00,54.14
U039269,2025-09-05 10:41:00,42.5
U039297,2025-07-07 03:15:00,60.69
U039324,2025-09-01 05:34:00,48.08
U039367,2025-09-20 21:59:00,64.08
U039381,2025-07-20 23:29:00,75.64
U039416,2025-07-12 07:30:00,39.05
U039424,2025-07-04 21:28:00,63.7
U039473,2025-08-08 06:02:00,50.29
U039485,2025-07-25 22:15:00,26.95
U039486,2025-07-11 23:32:00,37.89
U039522,2025-08-04 20:02:00,42.68
U039568,2025-07-27 15:22:00,104.87
U039571,2025-08-22 10:22:00,68.27
U039619,2025-08-05 04:45:00,69.77
U039622,2025-07-06 22:20:00,86.29
U039631,2025-08-14 22:04:00,66.78
U039657,2025-08-03 01:51:00,96.28
U039684,2025-08-04 20:53:00,33.65
U039720,2025-07-14 12:49:00,211.71
U039805,2025-08-09 22:44:00,110.97
U039809,2025-09-05 07:45:00,67.18
U039828,2025-07-16 20:33:00,52.33
U039851,2025-07-26 07:10:00,84.92
U039852,2025-09-07 02:34:00,48.88
U039857,2025-09-15 04:05:00,41.6
U039859,2025-07-16 05:47:00,56.09
U039863,2025-07-16 09:54:00,42.45
U039869,2025-09-16 11:46:00,42.88
U039884,2025-07-12 11:51:00,89.34
U039887,2025-09-04 14:23:00,68.48
U039888,2025-08-22 06:14:00,44.95
U039903,2025-07-26 10:12:00,32.24
U039906,2025-08-06 07:24:00,89.88
U039939,2025-07-28 19:43:00,86.58
U039963,2025-08-03 03:09:00,101.34
U040007,2025-09-10 07:33:00,58.32
U040016,2025-07-05 12:34:00,74.87
U040068,2025-09-02 20:50:00,60.2
U040089,2025-08-21 07:20:00,51.72
U040094,2025-09-15 10:03:00,61.09
U040098,2025-07-30 19:27:00,63.28
U040143,2025-09-05 22:36:00,77.2
U040171,2025-08-10 10:03:00,132.49
U040210,2025-09-09 11:09:00,52.53
U040278,2025-09-03 05:57:00,80.72
U040317,2025-08-02 18:31:00,116.89
U040332,2025-07-30 13:31:00,77.68
U040339,2025-08-03 10:46:00,70.18
U040475,2025-07-25 10:36:00,44.02
U040488,2025-08-20 07:43:00,138.59
U040518,2025-09-16 13:22:00,79.1
U040527,2025-09-04 23:10:00,53.71
U040555,2025-08-05 05:02:00,55.23
U040604,2025-09-10 07:11:00,99.38
U040652,2025-08-03 18:22:00,45.12
U040667,2025-09-01 11:46:00,69.05
U040673,2025-07-25 22:41:00,49.58
U040695,2025-08-01 14:20:00,76.64
U040698,2025-09-04 11:38:00,66.38
U040738,2025-08-02 14:07:00,76.73
U040742,2025-07-06 08:14:00,51.72
U040754,2025-07-20 06:46:00,46.81
U040817,2025-08-31 10:07:00,34.22
U040823,2025-07-31 22:39:00,39.14
U040845,2025-08-15 16:37:00,64.13
U040862,2025-08-24 08:53:00,91.53
U040878,2025-08-04 14:24:00,51.24
U040921,2025-09-10 16:33:00,63.48
U040929,2025-08-18 09:51:00,73.06
U040935,2025-07-18 08:10:00,68.84
U040938,2025-09-07 20:14:00,38.31
U040939,2025-08-01 14:22:00,73.57
U040945,2025-07-26 12:58:00,74.49
U040958,2025-08-18 04:51:00,79.79
U041007,2025-08-16 13:25:00,170.46
U041031,2025-08-29 18:27:00,49.13
U041086,2025-07-16 05:08:00,50.48
U041125,2025-08-03 21:04:00,32.91
U041145,2025-07-14 18:01:00,50.4
U041162,2025-09-05 02:44:00,92.45
U041215,2025-07-29 08:41:00,77.27
U041223,2025-08-22 09:27:00,78.0
U041262,2025-08-24 11:55:00,68.69
U041270,2025-07-17 23:49:00,77.95
U041301,2025-09-23 21:33:00,25.92
U041302,2025-07-09 01:02:00,45.5
U041365,2025-07-26 04:56:00,41.2
U041376,2025-08-20 04:10:00,48.16
U041403,2025-08-23 18:38:00,42.16
U041431,2025-07-15 00:35:00,35.21
U041449,2025-07-03 23:48:00,27.55
U041511,2025-07-29 13:32:00,62.95
U041545,2025-07-13 05:57:00,76.93
U041575,2025-07-28 01:20:00,47.7
U041578,2025-07-11 08:23:00,84.41
U041587,2025-08-22 00:18:00,92.74
U041590,2025-09-04 01:25:00,100.93
U041593,2025-08-07 16:36:00,45.33
U041595,2025-07-23 18:54:00,77.06
U041604,2025-07-05 09:33:00,47.7
U041617,2025-07-02 11:45:00,44.08
U041683,2025-08-08 02:22:00,54.4
U041708,2025-09-11 01:37:00,70.03
U041722,2025-08-20 19:44:00,88.87
U041726,2025-07-28 07:43:00,24.77
U041755,2025-08-25 05:16:00,43.52
U041783,2025-09-09 13:31:00,47.99
U041792,2025-08-05 11:39:00,44.21
U041796,2025-09-05 21:28:00,132.84
U041839,2025-08-19 22:18:00,31.41
U041847,2025-07-18 04:09:00,156.75
U041866,2025-07-17 07:08:00,62.17
U041960,2025-09-13 18:10:00,17.3
U041964,2025-08-07 06:01:00,44.67
U041968,2025-08-22 01:16:00,24.18
U042024,2025-07-22 15:29:00,85.59
U042027,2025-08-12 03:15:00,42.93
U042050,2025-09-18 16:30:00,85.04
U042126,2025-08-21 09:08:00,86.12
U042171,2025-08-08 11:28:00,68.4
U042178,2025-09-03 03:03:00,78.23
U042211,2025-07-27 04:11:00,26.7
U042215,2025-08-31 10:29:00,59.51
U042237,2025-07-20 03:11:00,105.96
U042263,2025-08-06 03:15:00,150.25
U042280,2025-07-24 13:26:00,55.38
U042285,2025-08-27 16:28:00,62.75
U042335,2025-08-14 23:23:00,51.21
U042353,2025-09-07 08:48:00,53.25
U042366,2025-09-15 03:27:00,51.98
U042399,2025-08-27 20:57:00,78.16
U042420,2025-07-13 20:56:00,33.62
U042470,2025-07-11 22:59:00,92.82
U042484,2025-08-29 23:56:00,95.61
U042501,2025-09-08 21:53:00,102.56
U042608,2025-08-19 10:00:00,94.34
U042661,2025-07-11 05:26:00,83.81
U042664,2025-08-16 11:21:00,88.17
U042686,2025-07-17 11:21:00,111.22
U042690,2025-09-15 21:41:00,67.42
U042757,2025-08-19 17:15:00,55.4
U042811,2025-08-13 11:42:00,86.71
U042877,2025-08-18 16:29:00,71.54
U042878,2025-08-06 20:42:00,123.77
U042885,2025-09-10 14:29:00,68.06
U042895,2025-07-24 12:30:00,59.32
U042909,2025-08-05 01:21:00,73.76
U042925,2025-07-05 19:08:00,31.0
U042933,2025-09-24 12:10:00,44.31
U042948,2025-07-22 13:33:00,19.7
U042950,2025-08-16 13:11:00,82.47
U043004,2025-09-15 20:32:00,56.34
U043058,2025-07-08 02:03:00,94.51
U043078,2025-07-15 04:53:00,50.69
U043172,2025-09-07 07:26:00,63.73
U043248,2025-09-14 17:10:00,40.63
U043293,2025-08-06 21:33:00,53.13
U043351,2025-07-29 09:22:00,56.27
U043354,2025-09-15 07:15:00,49.19
U043359,2025-07-15 19:30:00,41.18
U043383,2025-07-16 04:33:00,32.85
U043396,2025-09-01 18:12:00,86.42
U043421,2025-09-20 10:32:00,48.23
U043436,2025-07-28 16:04:00,150.03
U043439,2025-08-13 15:22:00,98.68
U043448,2025-08-04 18:44:00,34.83
U043449,2025-09-12 10:35:00,49.99
U043451,2025-07-19 10:28:00,96.31
U043455,2025-09-26 01:23:00,83.79
U043476,2025-08-22 20:16:00,55.69
U043534,2025-08-27 01:47:00,54.92
U043576,2025-08-25 22:14:00,49.32
U043642,2025-08-18 04:36:00,37.37
U043652,2025-09-04 03:44:00,83.99
U043714,2025-09-09 13:36:00,51.96
U043733,2025-08-23 11:06:00,38.65
U043742,2025-07-21 10:18:00,40.01
U043765,2025-07-20 15:21:00,76.9
U043788,2025-08-13 05:58:00,60.18
U043801,2025-09-15 10:43:00,46.82
U043805,2025-07-14 13:57:00,55.0
U043820,2025-08-05 17:16:00,53.66
U043852,2025-08-08 07:57:00,66.86
U043884,2025-08-24 10:30:00,36.41
U043885,2025-10-02 18:41:00,64.65
U043894,2025-09-10 09:09:00,40.04
U043909,2025-09-02 15:18:00,166.06
U043935,2025-08-25 18:15:00,61.59
U043939,2025-07-03 23:51:00,26.92
U043944,2025-08-06 17:47:00,80.25
U043949,2025-08-15 21:57:00,85.52
U043952,2025-07-09 20:46:00,89.92
U043956,2025-08-03 12:30:00,40.87
U043959,2025-08-21 09:02:00,43.0
U043969,2025-08-13 23:59:00,39.7
U043987,2025-08-21 05:22:00,76.83
U044004,2025-09-10 03:59:00,58.73
U044012,2025-08-22 06:41:00,36.75
U044024,2025-08-06 23:30:00,54.09
U044030,2025-08-23 20:37:00,37.42
U044083,2025-08-23 02:13:00,78.73
U044202,2025-07-21 23:50:00,85.74
U044215,2025-08-02 00:21:00,33.22
U044220,2025-09-02 01:49:00,68.18
U044224,2025-08-05 04:10:00,57.35
U044309,2025-09-01 23:44:00,60.72
U044322,2025-08-31 13:33:00,107.58
U044353,2025-09-27 10:05:00,75.08
U044390,2025-08-17 11:08:00,114.78
U044396,2025-07-30 20:03:00,107.96
U044411,2025-07-26 00:46:00,52.3
U044531,2025-07-08 14:55:00,70.23
U044538,2025-09-16 17:08:00,94.37
U044562,2025-07-24 00:15:00,93.53
U044574,2025-09-12 01:43:00,96.11
U044601,2025-08-28 13:22:00,53.3
U044681,2025-07-10 15:13:00,54.16
U044699,2025-07-11 07:06:00,69.7
U044710,2025-08-30 05:11:00,58.36
U044711,2025-09-16 15:00:00,40.2
U044734,2025-08-31 17:55:00,62.12
U044736,2025-08-17 11:22:00,33.03
U044773,2025-08-06 14:02:00,125.35
U044807,2025-09-15 04:54:00,100.17
U044809,2025-08-30 14:01:00,60.74
U044815,2025-08-30 15:43:00,88.03
U044960,2025-07-24 17:17:00,51.99
U045033,2025-09-09 06:06:00,155.46
U045073,2025-08-21 00:50:00,125.01
U045100,2025-09-07 01:36:00,48.39
U045156,2025-08-13 13:24:00,71.55
U045193,2025-09-19 11:13:00,94.35
U045194,2025-07-12 07:50:00,86.06
U045200,2025-09-24 23:36:00,42.63
U045255,2025-07-13 12:05:00,63.47
U045259,2025-08-17 19:29:00,92.59
U045266,2025-09-22 12:00:00,157.48
U045276,2025-07-06 15:41:00,103.05
U045290,2025-07-17 07:09:00,100.43
U045296,2025-07-30 07:54:00,34.69
U045303,2025-08-29 17:08:00,28.52
U045317,2025-08-25 17:23:00,41.51
U045364,2025-08-31 10:31:00,60.34
U045379,2025-08-12 01:40:00,65.88
U045387,2025-09-08 13:13:00,46.25
U045437,2025-07-22 05:41:00,44.71
U045448,2025-09-10 22:47:00,84.02
U045455,2025-09-08 07:39:00,52.14
U045460,2025-08-09 04:57:00,47.77
U045486,2025-09-03 18:46:00,74.03
U045496,2025-09-07 03:21:00,88.64
U045502,2025-09-11 01:03:00,94.44
U045512,2025-07-16 13:35:00,91.57
U045544,2025-08-30 18:37:00,130.05
U045584,2025-09-12 09:16:00,48.68
U045585,2025-07-07 11:22:00,60.49
U045611,2025-08-07 04:08:00,84.93
U045612,2025-09-15 21:59:00,146.87
U045617,2025-08-27 12:13:00,96.69
U045651,2025-08-22 01:47:00,107.94
U045660,2025-08-04 01:10:00,107.79
U045721,2025-08-02 00:02:00,37.43
U045729,2025-07-23 22:06:00,78.51
U045733,2025-08-23 23:39:00,87.5
U045736,2025-07-02 10:39:00,71.66
U045745,2025-08-31 18:10:00,37.48
U045752,2025-07-13 02:09:00,133.79
U045755,2025-08-06 00:21:00,101.99
U045769,2025-08-16 19:49:00,177.75
U045781,2025-08-10 17:00:00,172.52
U045803,2025-07-25 02:06:00,40.38
U045825,2025-07-20 08:25:00,102.7
U045842,2025-08-14 22:40:00,135.89
U045844,2025-09-06 02:14:00,44.37
U045849,2025-09-02 22:11:00,70.88
U045853,2025-09-01 15:54:00,73.84
U045864,2025-08-11 13:10:00,39.49
U045889,2025-07-05 03:14:00,101.36
U045906,2025-08-20 01:47:00,49.43
U045914,2025-09-05 02:00:00,51.76
U045939,2025-07-25 22:59:00,54.56
U045968,2025-07-30 09:59:00,64.87
U045998,2025-07-19 13:10:00,48.08
U046054,2025-08-27 13:36:00,39.7
U046091,2025-09-01 03:54:00,108.53
U046106,2025-08-08 21:36:00,71.01
U046111,2025-08-28 22:21:00,54.68
U046120,2025-09-14 12:03:00,74.72
U046123,2025-08-03 02:11:00,64.36
U046136,2025-09-11 16:49:00,52.47
U046175,2025-09-14 17:21:00,30.97
U046209,2025-08-14 13:26:00,87.84
U046219,2025-09-28 07:12:00,66.73
U046227,2025-08-15 11:44:00,51.42
U046265,2025-07-25 14:28:00,84.4
U046269,2025-08-09 11:55:00,50.36
U046273,2025-07-06 03:37:00,62.63
U046284,2025-08-06 01:44:00,41.6
U046293,2025-07-17 04:17:00,64.56
U046330,2025-07-31 23:39:00,67.18
U046375,2025-08-26 00:57:00,26.3
U046390,2025-08-02 00:57:00,37.9
U046401,2025-09-06 05:05:00,114.93
U046419,2025-07-14 16:07:00,79.72
U046420,2025-08-04 15:54:00,46.38
U046466,2025-09-14 02:43:00,40.44
U046467,2025-07-08 05:26:00,61.5
U046513,2025-07-27 02:22:00,62.63
U046612,2025-07-28 18:35:00,43.54
U046630,2025-08-23 22:49:00,96.88
U046661,2025-07-26 03:45:00,98.95
U046670,2025-08-10 18:03:00,109.73
U046688,2025-07-31 07:44:00,123.84
U046712,2025-09-02 00:32:00,112.21
U046730,2025-07-06 09:52:00,58.41
U046784,2025-07-28 17:50:00,156.64
U046798,2025-09-07 03:00:00,59.88
U046799,2025-07-24 17:58:00,87.53
U046816,2025-08-21 07:17:00,51.07
U046833,2025-07-24 20:47:00,140.32
U046845,2025-08-17 00:33:00,51.67
U046850,2025-09-02 09:03:00,110.1
U046868,2025-08-29 00:55:00,57.12
U046873,2025-09-11 18:40:00,32.02
U046885,2025-07-18 11:46:00,43.87
U046891,2025-08-23 14:48:00,119.21
U046909,2025-07-08 05:14:00,65.11
U046977,2025-08-23 03:31:00,55.61
U047002,2025-08-06 13:18:00,48.22
U047008,2025-08-29 15:16:00,45.95
U047020,2025-08-15 22:08:00,167.86
U047040,2025-07-24 04:53:00,70.98
U047057,2025-08-27 17:52:00,65.95
U047104,2025-07-10 13:54:00,56.44
U047110,2025-09-03 05:16:00,87.7
U047134,2025-07-23 15:01:00,56.04
U047161,2025-09-15 08:08:00,78.57
U047164,2025-08-24 17:46:00,42.05
U047203,2025-08-19 06:00:00,48.56
U047207,2025-07-19 20:39:00,86.62
U047214,2025-08-09 00:11:00,65.26
U047224,2025-08-13 22:57:00,119.34
U047234,2025-09-11 19:24:00,93.18
U047255,2025-09-03 12:13:00,93.47
U047262,2025-09-19 06:13:00,80.88
U047263,2025-07-26 08:15:00,69.11
U047277,2025-09-11 00:01:00,38.94
U047282,2025-09-12 08:10:00,81.64
U047283,2025-07-23 06:40:00,49.79
U047289,2025-08-01 06:30:00,106.23
U047304,2025-07-30 16:39:00,70.95
U047321,2025-08-17 10:05:00,160.91
U047329,2025-08-10 18:17:00,114.44
U047490,2025-08-19 19:46:00,40.28
U047526,2025-08-08 19:11:00,84.01
U047566,2025-09-12 13:28:00,90.25
U047600,2025-07-12 03:57:00,97.1
U047603,2025-08-03 13:34:00,82.53
U047607,2025-07-06 14:10:00,42.85
U047611,2025-08-30 17:29:00,39.34
U047613,2025-08-31 21:39:00,100.95
U047632,2025-08-08 08:33:00,45.52
U047666,2025-09-09 17:55:00,122.76
U047684,2025-07-15 21:52:00,59.81
U047709,2025-07-26 19:18:00,66.43
U047727,2025-07-22 10:17:00,49.49
U047731,2025-09-17 17:53:00,26.0
U047757,2025-08-21 08:54:00,93.12
U047765,2025-08-01 04:58:00,23.67
U047781,2025-08-25 13:22:00,60.51
U047794,2025-07-28 20:54:00,67.58
U047842,2025-08-15 18:39:00,49.06
U047879,2025-07-24 02:55:00,141.8
U047882,2025-08-16 09:17:00,31.75
U047896,2025-08-07 12:17:00,150.94
U047915,2025-08-31 09:36:00,78.77
U047963,2025-08-02 15:22:00,36.97
U047964,2025-09-16 04:39:00,89.88
U047974,2025-09-10 05:02:00,37.33
U047985,2025-08-21 21:56:00,69.44
U048029,2025-07-22 03:25:00,48.7
U048082,2025-08-26 09:28:00,66.6
U048090,2025-09-21 18:49:00,55.53
U048096,2025-09-03 01:49:00,75.85
U048109,2025-09-17 23:58:00,44.14
U048121,2025-09-19 01:25:00,61.15
U048184,2025-07-11 06:02:00,50.65
U048202,2025-09-20 16:03:00,111.06
U048214,2025-07-18 16:39:00,40.61
U048228,2025-08-09 10:01:00,32.51
U048232,2025-07-30 02:20:00,39.35
U048256,2025-08-15 16:31:00,44.88
U048261,2025-08-01 08:47:00,30.59
U048268,2025-08-08 04:30:00,91.24
U048298,2025-09-06 00:16:00,57.62
U048334,2025-08-30 17:50:00,185.56
U048347,2025-08-07 02:23:00,103.75
U048359,2025-07-13 00:09:00,103.26
U048418,2025-08-23 18:53:00,123.25
U048431,2025-08-13 06:56:00,42.45
U048475,2025-08-30 18:18:00,61.91
U048511,2025-07-31 23:40:00,126.73
U048524,2025-08-08 00:20:00,67.32
U048534,2025-08-06 15:30:00,28.96
U048546,2025-07-05 10:01:00,82.38
U048555,2025-08-09 11:54:00,55.63
U048598,2025-09-14 09:59:00,113.65
U048599,2025-07-05 13:24:00,52.31
U048603,2025-07-30 03:56:00,60.06
U048607,2025-07-14 21:17:00,87.34
U048626,2025-07-19 06:06:00,35.7
U048655,2025-07-22 15:11:00,157.65
U048661,2025-09-23 22:25:00,74.93
U048662,2025-08-13 11:13:00,30.76
U048683,2025-08-04 11:26:00,108.58
U048701,2025-08-28 14:53:00,35.39
U048758,2025-08-19 09:01:00,79.61
U048771,2025-07-26 12:56:00,75.83
U048789,2025-07-12 13:37:00,92.06
U048826,2025-08-23 17:43:00,30.2
U048919,2025-08-25 07:33:00,55.11
U048925,2025-08-26 22:25:00,22.84
U048961,2025-09-19 11:54:00,48.9
U048972,2025-08-31 19:51:00,50.73
U049020,2025-09-19 05:03:00,62.55
U049060,2025-07-22 02:44:00,45.34
U049071,2025-09-16 16:55:00,107.19
U049126,2025-08-24 06:46:00,150.2
U049127,2025-09-05 01:00:00,71.77
U049137,2025-08-30 08:02:00,45.51
U049142,2025-09-16 20:16:00,34.62
U049148,2025-09-01 18:49:00,140.74
U049228,2025-09-19 16:33:00,65.03
U049256,2025-08-21 15:24:00,29.56
U049356,2025-09-06 15:16:00,41.37
U049370,2025-08-20 11:39:00,34.72
U049383,2025-07-14 11:49:00,61.49
U049413,2025-07-27 01:56:00,59.99
U049445,2025-08-07 11:49:00,67.88
U049593,2025-08-10 01:15:00,99.77
U049616,2025-07-20 13:25:00,67.43
U049626,2025-07-21 09:46:00,62.45
U049642,2025-08-18 05:50:00,43.48
U049658,2025-09-01 11:11:00,116.36
U049663,2025-09-02 07:45:00,59.09
U049685,2025-07-19 22:28:00,76.19
U049690,2025-07-12 04:08:00,48.09
U049691,2025-08-07 08:10:00,58.58
U049710,2025-09-19 19:56:00,126.51
U049751,2025-08-24 17:50:00,71.33
U049774,2025-08-10 13:25:00,42.32
U049791,2025-07-10 15:46:00,66.21
U049793,2025-08-31 18:28:00,45.07
U049815,2025-08-28 09:06:00,78.25
U049903,2025-08-22 07:04:00,75.64
U049905,2025-09-17 01:21:00,60.08
U049916,2025-08-17 21:09:00,41.18
U049921,2025-10-02 07:26:00,63.44
U049933,2025-09-15 07:19:00,32.86
U049945,2025-09-02 12:21:00,28.78
U049953,2025-07-13 22:40:00,95.24
U049956,2025-08-16 03:16:00,45.55
U049960,2025-08-19 21:03:00,58.56
U049965,2025-07-31 04:30:00,42.83
U049976,2025-08-26 01:29:00,229.76
U049979,2025-08-28 03:58:00,60.94
U049980,2025-07-11 09:38:00,113.77
U050036,2025-07-19 09:05:00,67.85
U050065,2025-07-28 08:07:00,96.26
U050086,2025-08-06 03:23:00,32.97
U050089,2025-07-06 05:42:00,106.14
U050102,2025-09-12 13:46:00,47.65
U050116,2025-08-11 11:22:00,40.63
U050141,2025-09-02 12:49:00,39.98
U050168,2025-08-30 14:42:00,83.01
U050221,2025-08-25 00:58:00,96.11
U050224,2025-08-09 06:17:00,71.99
U050232,2025-08-09 01:10:00,36.47
U050239,2025-09-06 16:15:00,71.54
U050257,2025-08-02 16:52:00,91.18
U050260,2025-08-14 14:36:00,123.21
U050282,2025-08-14 03:11:00,31.69
U050298,2025-07-19 19:57:00,129.24
U050367,2025-07-25 17:06:00,49.42
U050377,2025-07-08 02:28:00,68.38
U050449,2025-10-04 22:15:00,125.53
U050459,2025-09-19 09:27:00,52.65
U050461,2025-08-08 23:17:00,50.3
U050471,2025-09-19 08:47:00,37.94
U050476,2025-07-19 23:10:00,67.97
U050490,2025-07-14 22:07:00,55.68
U050549,2025-09-03 19:38:00,165.79
U050558,2025-08-27 04:35:00,45.31
U050559,2025-07-09 00:38:00,63.92
U050576,2025-08-24 16:50:00,50.75
U050606,2025-08-21 02:23:00,80.22
U050617,2025-08-10 18:23:00,57.95
U050653,2025-08-18 17:58:00,64.68
U050674,2025-08-15 05:48:00,71.74
U050691,2025-09-11 01:17:00,104.61
U050743,2025-09-15 23:56:00,46.61
U050834,2025-07-29 23:10:00,71.32
U050853,2025-09-15 20:19:00,69.22
U050857,2025-08-07 08:51:00,57.31
U050903,2025-08-12 00:06:00,99.84
U050910,2025-09-12 20:21:00,34.48
U050916,2025-08-18 23:00:00,169.04
U051011,2025-08-04 17:59:00,40.09
U051040,2025-08-21 04:05:00,67.63
U051116,2025-08-09 12:34:00,51.2
U051158,2025-08-24 11:33:00,82.35
U051230,2025-09-07 13:58:00,74.68
U051242,2025-08-16 00:21:00,114.26
U051267,2025-07-20 13:12:00,175.0
U051280,2025-07-28 06:37:00,53.25
U051299,2025-07-22 07:26:00,39.62
U051346,2025-09-11 19:34:00,134.46
U051360,2025-08-01 22:04:00,83.62
U051381,2025-08-26 21:22:00,79.36
U051398,2025-08-31 05:04:00,88.19
U051403,2025-08-15 02:55:00,59.09
U051423,2025-08-04 11:39:00,58.5
U051425,2025-08-09 17:44:00,49.71
U051435,2025-07-23 21:06:00,85.53
U051442,2025-09-10 01:42:00,42.33
U051459,2025-07-18 16:19:00,38.19
U051491,2025-08-26 23:02:00,55.3
U051495,2025-07-12 19:19:00,61.62
U051508,2025-09-27 22:10:00,56.95
U051541,2025-08-12 13:54:00,42.91
U051547,2025-07-28 05:58:00,82.37
U051581,2025-08-12 08:44:00,42.9
U051595,2025-08-01 22:50:00,26.48
U051646,2025-08-29 16:55:00,82.1
U051708,2025-08-15 08:51:00,47.35
U051744,2025-09-14 05:31:00,41.7
U051776,2025-07-27 03:25:00,92.89
U051787,2025-07-29 13:44:00,83.83
U051791,2025-08-26 05:04:00,40.32
U051818,2025-07-28 00:55:00,33.5
U051854,2025-08-20 05:33:00,47.75
U051890,2025-07-18 01:04:00,120.7
U051935,2025-08-04 01:51:00,93.71
U052009,2025-07-20 04:14:00,72.85
U052075,2025-07-22 17:46:00,32.98
U052089,2025-07-15 20:44:00,56.18
U052119,2025-07-28 16:31:00,90.41
U052169,2025-07-23 02:31:00,90.12
U052191,2025-08-23 00:24:00,140.52
U052197,2025-07-21 23:41:00,34.55
U052198,2025-09-01 19:36:00,38.39
U052213,2025-07-03 20:08:00,59.18
U052228,2025-07-27 08:46:00,59.28
U052229,2025-08-05 13:24:00,48.59
U052244,2025-07-11 16:26:00,73.68
U052261,2025-09-10 03:08:00,40.21
U052266,2025-09-18 00:23:00,63.51
U052295,2025-08-02 17:23:00,115.33
U052310,2025-09-01 18:34:00,77.87
U052369,2025-08-20 22:52:00,49.53
U052396,2025-07-21 23:54:00,80.6
U052418,2025-07-20 21:56:00,77.11
U052420,2025-09-12 05:07:00,72.64
U052424,2025-09-05 08:40:00,56.96
U052452,2025-07-31 14:09:00,41.83
U052458,2025-08-04 13:16:00,139.08
U052492,2025-08-09 09:01:00,63.91
U052527,2025-08-19 12:54:00,40.7
U052565,2025-08-03 08:56:00,70.24
U052604,2025-08-18 13:16:00,41.05
U052607,2025-07-14 20:45:00,49.93
U052630,2025-07-03 15:02:00,63.46
U052646,2025-08-06 13:33:00,58.37
U052666,2025-07-10 02:23:00,58.64
U052671,2025-07-07 19:58:00,38.79
U052673,2025-08-24 04:08:00,45.2
U052684,2025-07-12 10:33:00,76.73
U052709,2025-08-06 21:02:00,35.18
U052742,2025-07-12 11:16:00,198.87
U052746,2025-07-12 03:27:00,38.23
U052773,2025-09-11 19:29:00,61.64
U052791,2025-09-20 12:17:00,152.19
U052799,2025-08-11 13:14:00,30.72
U052805,2025-07-16 08:39:00,52.07
U052806,2025-08-21 09:40:00,79.86
U052807,2025-07-05 21:35:00,90.1
U052814,2025-07-08 19:49:00,35.46
U052841,2025-07-17 17:00:00,83.17
U052843,2025-07-11 04:09:00,64.04
U052852,2025-09-06 09:45:00,58.29
U052858,2025-09-03 14:10:00,49.55
U052914,2025-07-24 11:48:00,65.78
U052953,2025-09-19 00:41:00,115.9
U053033,2025-08-01 11:36:00,40.09
U053046,2025-07-22 13:10:00,71.79
U053068,2025-08-28 01:39:00,39.26
U053070,2025-08-11 13:58:00,100.72
U053077,2025-07-14 10:00:00,52.82
U053079,2025-08-26 14:25:00,67.79
U053083,2025-09-08 20:17:00,75.57
U053142,2025-07-28 18:20:00,67.29
U053155,2025-09-07 04:30:00,48.69
U053184,2025-08-30 07:42:00,59.21
U053223,2025-08-25 09:12:00,72.86
U053230,2025-07-20 21:20:00,76.49
U053283,2025-07-28 00:37:00,59.08
U053298,2025-07-28 17:29:00,139.02
U053310,2025-07-27 22:06:00,39.69
U053338,2025-09-07 19:37:00,92.55
U053426,2025-09-03 08:05:00,29.6
U053441,2025-08-24 19:38:00,70.97
U053472,2025-08-26 10:34:00,84.62
U053473,2025-08-10 15:05:00,28.27
U053505,2025-08-12 02:51:00,82.78
U053520,2025-09-07 15:35:00,85.67
U053548,2025-08-03 03:12:00,69.93
U053555,2025-07-13 20:14:00,238.45
U053559,2025-09-02 19:39:00,136.06
U053650,2025-07-28 01:58:00,56.39
U053693,2025-08-27 04:21:00,81.31
U053703,2025-07-17 13:10:00,89.34
U053708,2025-08-10 07:01:00,62.87
U053711,2025-07-31 19:19:00,95.35
U053735,2025-08-07 03:06:00,26.04
U053738,2025-08-19 06:33:00,57.46
U053746,2025-09-01 00:51:00,41.45
U053817,2025-07-15 20:50:00,65.3
U053832,2025-08-26 13:55:00,41.04
U053845,2025-08-23 08:59:00,25.1
U053853,2025-07-18 08:38:00,30.85
U053858,2025-09-02 16:47:00,121.04
U053869,2025-08-05 19:22:00,38.82
U053991,2025-08-10 08:17:00,63.3
U053994,2025-07-31 15:56:00,45.19
U054049,2025-08-01 10:48:00,32.81
U054057,2025-08-29 01:29:00,46.59
U054085,2025-07-11 02:54:00,55.62
U054086,2025-07-10 17:43:00,72.84
U054097,2025-07-13 14:56:00,53.83
U054110,2025-09-04 14:16:00,45.17
U054134,2025-09-07 08:39:00,45.95
U054141,2025-09-08 16:23:00,96.33
U054160,2025-09-10 19:00:00,144.57
U054169,2025-07-12 01:37:00,43.4
U054191,2025-08-05 18:00:00,52.39
U054192,2025-08-09 07:10:00,178.26
U054220,2025-09-08 13:03:00,44.98
U054225,2025-09-08 17:03:00,34.58
U054227,2025-08-23 07:35:00,55.38
U054243,2025-09-28 00:31:00,121.45
U054301,2025-08-16 07:13:00,52.59
U054335,2025-07-29 14:30:00,97.07
U054354,2025-07-09 19:58:00,42.16
U054392,2025-09-14 03:49:00,89.05
U054426,2025-07-18 01:35:00,87.3
U054456,2025-08-14 11:11:00,92.35
U054457,2025-07-19 23:27:00,124.63
U054487,2025-09-10 05:26:00,144.09
U054495,2025-08-27 23:54:00,81.19
U054499,2025-09-04 14:20:00,106.02
U054514,2025-09-08 11:29:00,84.81
U054525,2025-07-27 06:08:00,24.06
U054539,2025-07-16 15:05:00,31.07
U054543,2025-07-06 14:40:00,73.08
U054549,2025-07-22 16:22:00,50.38
U054554,2025-07-28 03:34:00,31.55
U054572,2025-08-27 22:00:00,105.58
U054577,2025-08-08 12:48:00,64.36
U054580,2025-07-20 23:35:00,53.61
U054608,2025-08-31 17:55:00,142.12
U054642,2025-09-19 11:07:00,73.29
U054659,2025-07-17 01:57:00,123.3
U054698,2025-09-01 13:02:00,100.22
U054777,2025-09-07 13:48:00,38.79
U054789,2025-09-09 14:36:00,52.78
U054809,2025-08-05 21:58:00,58.53
U054821,2025-09-06 13:40:00,76.87
U054830,2025-07-27 13:46:00,51.76
U054850,2025-07-19 21:07:00,39.06
U054896,2025-08-02 14:18:00,107.34
U054929,2025-09-20 00:58:00,67.99
U054999,2025-07-17 12:41:00,65.5
U055052,2025-07-18 19:35:00,107.84
U055059,2025-08-29 23:13:00,55.96
U055080,2025-09-13 22:10:00,24.88
U055089,2025-07-29 11:06:00,159.59
U055118,2025-08-01 07:26:00,26.23
U055143,2025-07-07 02:33:00,72.48
U055199,2025-08-22 12:13:00,52.99
U055236,2025-09-08 13:24:00,49.45
U055244,2025-07-09 16:47:00,86.63
U055259,2025-07-03 09:39:00,90.44
U055270,2025-07-22 05:23:00,37.33
U055272,2025-08-13 18:41:00,32.24
U055276,2025-07-20 14:35:00,84.7
U055301,2025-09-03 18:28:00,42.18
U055331,2025-07-13 11:15:00,67.57
U055336,2025-09-02 14:19:00,69.97
U055415,2025-08-19 10:00:00,112.8
U055423,2025-07-20 21:15:00,109.19
U055426,2025-07-17 08:22:00,30.12
U055449,2025-07-16 15:47:00,61.23
U055463,2025-09-20 20:56:00,85.45
U055471,2025-07-21 21:16:00,57.12
U055501,2025-08-08 17:46:00,23.17
U055504,2025-07-18 01:12:00,76.79
U055523,2025-08-23 01:54:00,38.15
U055555,2025-08-05 18:53:00,63.94
U055559,2025-08-01 18:15:00,46.52
U055625,2025-07-04 23:04:00,68.47
U055634,2025-08-22 00:25:00,37.91
U055650,2025-08-24 17:28:00,96.98
U055654,2025-07-17 09:36:00,66.43
U055671,2025-08-31 21:17:00,55.49
U055708,2025-07-31 04:30:00,74.41
U055738,2025-09-14 01:49:00,54.1
U055771,2025-08-23 05:49:00,54.59
U055772,2025-08-08 22:45:00,53.17
U055818,2025-09-14 19:34:00,97.46
U055835,2025-08-15 13:42:00,51.5
U055838,2025-09-13 05:44:00,63.26
U055861,2025-08-10 22:51:00,34.97
U055864,2025-07-09 22:40:00,116.34
U055887,2025-08-01 21:37:00,82.7
U055945,2025-07-19 15:40:00,26.99
U055949,2025-09-21 06:06:00,65.65
U055964,2025-07-04 09:05:00,34.7
U056013,2025-08-01 13:34:00,171.67
U056032,2025-09-13 11:00:00,109.71
U056047,2025-08-04 16:08:00,26.63
U056094,2025-07-03 17:05:00,43.08
U056117,2025-07-04 12:44:00,41.86
U056149,2025-08-06 17:14:00,43.89
U056151,2025-09-09 04:25:00,81.01
U056159,2025-07-23 21:14:00,55.81
U056238,2025-08-30 09:12:00,62.37
U056262,2025-08-17 13:07:00,65.21
U056282,2025-08-27 16:40:00,83.06
U056283,2025-08-18 21:34:00,72.69
U056336,2025-09-22 13:58:00,66.87
U056350,2025-08-13 04:20:00,67.19
U056366,2025-07-03 03:02:00,121.16
U056407,2025-07-24 06:38:00,92.55
U056441,2025-08-27 09:39:00,77.03
U056463,2025-08-21 19:59:00,36.37
U056482,2025-07-21 20:26:00,75.27
U056493,2025-09-02 16:27:00,85.3
U056525,2025-07-16 13:42:00,54.54
U056577,2025-07-27 23:57:00,80.39
U056628,2025-10-02 22:30:00,105.15
U056657,2025-07-09 06:12:00,60.92
U056668,2025-08-07 19:36:00,35.9
U056695,2025-07-25 03:00:00,65.51
U056704,2025-09-16 21:21:00,66.62
U056770,2025-08-17 04:42:00,58.98
U056792,2025-07-14 04:24:00,76.79
U056927,2025-09-05 07:58:00,52.24
U056956,2025-07-14 03:08:00,64.04
U056958,2025-09-15 23:56:00,62.58
U056988,2025-08-06 13:44:00,61.13
U057022,2025-09-11 09:31:00,62.9
U057032,2025-08-22 20:49:00,135.67
U057081,2025-07-21 10:27:00,37.9
U057092,2025-09-12 16:00:00,21.29
U057104,2025-08-06 12:35:00,37.8
U057133,2025-07-24 18:35:00,111.69
U057182,2025-08-11 15:17:00,85.62
U057202,2025-09-17 05:22:00,48.63
U057275,2025-07-29 18:56:00,44.69
U057283,2025-09-17 00:21:00,69.13
U057350,2025-09-01 09:12:00,51.06
U057354,2025-07-14 10:30:00,54.72
U057358,2025-09-07 18:50:00,100.17
U057362,2025-09-17 15:37:00,61.46
U057367,2025-07-19 14:13:00,89.29
U057448,2025-08-31 14:28:00,77.28
U057466,2025-07-16 02:03:00,197.69
U057486,2025-07-14 10:17:00,32.23
U057517,2025-09-07 05:52:00,63.03
U057549,2025-08-18 06:43:00,56.67
U057577,2025-09-06 03:27:00,60.41
U057578,2025-09-29 04:32:00,135.45
U057580,2025-09-13 00:21:00,79.28
U057638,2025-09-05 16:25:00,50.43
U057681,2025-07-30 09:19:00,50.94
U057723,2025-09-02 13:51:00,56.65
U057760,2025-07-29 14:17:00,50.6
U057777,2025-07-10 19:20:00,32.97
U057808,2025-08-28 20:28:00,55.19
U057811,2025-07-23 15:06:00,122.11
U057850,2025-09-02 02:14:00,127.6
U057858,2025-09-07 04:11:00,75.72
U057875,2025-09-13 13:49:00,106.98
U057911,2025-09-03 17:20:00,62.12
U057957,2025-07-26 22:04:00,36.41
U058044,2025-08-09 21:39:00,56.09
U058158,2025-09-06 07:43:00,63.42
U058168,2025-07-18 08:30:00,60.62
U058194,2025-08-27 18:29:00,47.53
U058214,2025-07-22 13:54:00,48.08
U058279,2025-08-28 06:42:00,31.25
U058294,2025-09-15 10:27:00,156.49
U058314,2025-07-27 19:23:00,75.42
U058347,2025-07-31 02:47:00,39.77
U058350,2025-08-30 18:41:00,71.69
U058374,2025-08-28 00:41:00,45.4
U058383,2025-09-06 02:04:00,64.26
U058401,2025-07-25 04:39:00,38.43
U058413,2025-08-31 20:24:00,27.8
U058457,2025-08-28 16:02:00,52.09
U058466,2025-07-14 07:29:00,72.02
U058480,2025-08-26 09:27:00,98.39
U058510,2025-08-29 17:58:00,79.43
U058555,2025-10-03 11:14:00,73.8
U058611,2025-07-05 10:31:00,80.87
U058658,2025-07-16 06:31:00,65.32
U058682,2025-09-10 18:43:00,86.57
U058683,2025-08-18 03:36:00,41.92
U058685,2025-07-30 20:34:00,33.36
U058691,2025-07-28 21:49:00,131.05
U058694,2025-08-17 06:33:00,68.65
U058746,2025-08-15 17:12:00,108.26
U058796,2025-08-15 19:58:00,40.67
U058926,2025-07-25 07:44:00,62.36
U058974,2025-09-13 00:56:00,87.96
U058976,2025-08-29 11:39:00,70.07
U058978,2025-07-06 12:46:00,45.58
U059010,2025-09-10 20:26:00,83.39
U059072,2025-08-23 22:53:00,47.29
U059094,2025-07-27 00:12:00,31.3
U059098,2025-08-23 11:02:00,111.86
U059101,2025-07-04 17:20:00,53.87
U059117,2025-08-14 04:27:00,38.41
U059135,2025-09-04 18:04:00,101.53
U059147,2025-07-29 18:44:00,62.79
U059171,2025-08-08 13:03:00,59.37
U059189,2025-07-13 14:09:00,48.51
U059215,2025-08-10 12:28:00,164.9
U059270,2025-08-13 08:37:00,53.75
U059299,2025-07-21 21:02:00,52.78
U059303,2025-09-04 15:56:00,147.44
U059317,2025-09-09 19:59:00,82.17
U059327,2025-07-25 20:09:00,35.82
U059342,2025-08-27 21:02:00,41.62
U059354,2025-08-06 06:48:00,54.15
U059357,2025-07-27 21:40:00,24.2
U059370,2025-07-15 07:44:00,26.68
U059395,2025-09-01 07:11:00,78.93
U059440,2025-09-19 10:22:00,41.58
U059480,2025-08-17 19:22:00,50.61
U059486,2025-07-05 12:58:00,42.0
U059489,2025-08-16 09:55:00,78.28
U059500,2025-07-10 20:42:00,106.85
U059514,2025-07-30 08:41:00,70.35
U059519,2025-09-14 10:15:00,92.29
U059619,2025-08-23 17:27:00,67.05
U059621,2025-07-27 10:11:00,69.45
U059635,2025-08-08 13:32:00,68.69
U059679,2025-08-23 21:51:00,105.22
U059704,2025-08-28 18:31:00,42.29
U059732,2025-08-29 11:13:00,31.95
U059761,2025-08-18 11:39:00,132.25
U059836,2025-09-19 03:10:00,94.02
U059838,2025-09-10 17:29:00,49.17
U059869,2025-07-11 20:53:00,63.94
U059887,2025-07-23 06:50:00,42.55
U059896,2025-08-04 07:49:00,85.45
U059957,2025-09-09 12:24:00,56.39
U059962,2025-08-23 03:30:00,41.41
U059969,2025-08-17 22:13:00,60.17
